sex		
sexual		
sexy		
shabby	ˈʃæbi	破旧的；卑鄙的；吝啬的；低劣的
shade		
shadow		
shady		
shaft		
shake	ʃek	动摇；摇动；震动；握手；摇动；哆嗦
shaky		
shall	ʃæl, ʃ(ə)l	v. aux.（表示将来）将要，会；…好吗
shallow		
shame	ʃeɪm	n. 羞耻，羞愧；憾事，带来耻辱的人；vt. 使丢脸，使羞愧
shameful		
shameless		
shape	ʃeɪp	n. 形状，外形 v. 使成型，制造，塑造
share	ʃeə(r)	vt. 分享，共同使用
shark	ʃɑrk	鲨鱼；骗子；诈骗
sharp	ʃɑːp	a. 锋利的，尖的
sharpen	ˈʃɑːpən	v.（使）变锐利，削尖
shatter		
shave		
shaver		
she	ʃiː	pron. 她
shed		
sheep	ʃiːp	n.（绵）羊；羊皮；驯服者
sheer		
sheet	ʃiːt	n. 成幅的薄片，薄板
shelf	ʃelf	n. 架子；搁板；格层；礁；陆架
shell		
shelter		
shepherd		
shield		
shift	ʃɪft	n. 移动；变化；手段；轮班；vt. 转移；改变；替换；vi. 移动；转变；转换
shine	ʃaɪn	n. 光泽；光彩；阳光；晴天；光(亮)
shiny		
ship	ʃɪp	n. 船，轮船 vi. 用船装运
shipment		
shipping		
shipyard		
shirt	ʃɜːt	n. 男衬衫
shit		
shiver		
shock	ʃɑk	n. 休克；震惊；震动；打击；禾束堆；adj. 浓密的；蓬乱的；vt. 使休克；使震惊；使震动；使受电击；把…堆成禾束堆；vi. 感到震惊；受到震动；堆成禾束堆
shoe	ʃuː	n. 鞋
shoot	ʃuːt	(shot, shot) vt. 射击，射中，发射
shop	ʃɔp	vi. 买东西 n. 商店,车间
shopping	ˈʃɔpɪŋ	n. 买东西
shore	ʃɔː(r)	n. 滨，岸
short	ʃɔːt	a. 短的；矮的
shortage	ˈʃɔːtɪdʒ	n. 缺乏，缺少；不足
shortcoming		
shorthand		
shortly		
shorts		
shot	ʃɔt	n. 射击，开枪，开炮，射击声；子弹
should	ʃud	v. mod. 应当，应该，会 v. aux. 会,应该（shall的过去时态）
shoulder	ˈʃoʊldər	n. 肩，肩膀；肩部；vi. 用肩推挤，用肩顶；vt. 肩负，承担
shout	ˈʃaut	n.& v. 喊，高声呼喊
shove		
show	ʃəʊ	n. 展示,展览（会）;演出
showcase		
shower	ˈʃaʊə(r)	n. 阵雨；淋浴
showy		
shred		
shrewd		
shrimp		
shrink		
shrub		
shrubbery		
shrug		
shut	ʃʌt	v. / n. 关上，封闭；禁闭；
shuttle	ˈʃʌtl	航天飞机；穿梭；梭子；穿梭班机、公共汽车等；使穿梭般来回移动；短程穿梭般运送
shy	ʃaɪ	a. 害羞的
shyly		
shyness		
sick	sɪk	a. 有病,患病的,（想）呕吐
sicken		
side	said	n. 边，旁边，面，侧面
sideways		
siege		
sigh		
sight		
sightseeing		
sign	sain	n. 符号，标记
signal		
signature		
significance		
significant	səɡˈnɪfɪkənt	n. 象征；有意义的事物；adj. 重大的；有效的；有意义的；值得注意的；意味深长的
signify		
silence	ˈsailəns	n. 安静，沉默
silent		ˈsailənt] a. 无声的，无对话的
silicon		
silk	silk	n.（蚕）丝，丝织品
silky		
silver		
silvery		
similar		
similarity	ˌsɪməˈlɛrəti	n. 类似；相似点
simple	ˈsimp(ə)l	a. 简单的，简易的
simplicity		
simplify	ˈsɪmplɪfaɪ	简化；使单纯；使简易
simply	ˈsɪmpli	adv. 简单地；仅仅；简直；朴素地；坦白地
simulate		
simulation		
simultaneous		
sin		
since	sins	ad. 从那时以来 conj. 从…以来，…以后，由于 prep. 从…以来
sincere	sɪnˈsɪr	adj. 真诚的；诚挚的；真实的
sincerity		
sing	siŋ	v. 唱，唱歌
singer	siŋə	n. 歌唱家，歌手
single	ˈsiŋɡ(ə)l	a. 单一的，单个的
singular		
singularity		
sinister		
sink	siŋk	vi. 下沉；消沉 n. 洗涤槽；污水槽
sip		
sir	səː (r)	n. 先生；阁下
sister	ˈsistə(r)	n. 姐；妹
sit	sɪt	vi. 坐
site		
sitting		
situate		
situation	sɪtjʊˈeɪʃ(ə)n	n. 形势，情况
six	sɪks	num. 六
sixteen	ˈsɪkstiːn	num. 十六
sixty	ˈsɪkstɪ	num. 六十
sizable		
size	saiz	n. 尺寸，大小
skate	skeɪt	vi. 溜冰，滑冰
skating		
skeleton		
skeptic		
skeptical		
skepticism		
sketch		
sketchy		
ski	skiː	n.& vi. 滑雪板；滑雪
skiing		
skilful		
skill		
skilled		
skim		
skin		
skinny		
skip	skɪp	n. 跳跃；跳读；vt. 跳过；遗漏；vi. 跳跃；跳绳；遗漏；跳读
skirt	skɜːt	n. 女裙
skull		
sky	skaɪ	n. 天；天空
skyline		
skyscraper		
slack		
slam		
slap		
slash		
slaughter		
slave		
slavery		
sleep	sliːp	vi. 睡觉
sleepiness		
sleepy		
sleeve		
slender		
slice	slaɪs	薄片；部分；菜刀，火铲；切下；把…分成部分；将…切成薄片
slide		
slight		
slightly		
slim		
slip	slɪp	n. 滑，滑倒；片，纸片；错误；下跌；事故；abbr. 串行线路接口协议，是旧式的协议（Serial Line Interface Protocol）；adj. 滑动的；有活结的；活络的；vt. 使滑动；滑过；摆脱；塞入；闪开；vi. 滑动；滑倒；犯错；失足；减退
slipper		
slippery		
slogan		
slope		
slot		
slow	sləʊ	ad. 慢慢地，缓慢地
slum		
slump		
small	smɔːl	a. 小的，少的
smart	smɑrt	聪明的；巧妙的；敏捷的；厉害的；潇洒的；剧烈的；时髦的
smartphone		
smash		
smell	smel	v. 嗅，闻到；发气味 n. 气味
smelly		
smile	smaɪl	n.& v. 微笑
smog		
smoggy		
smoke	sməʊk	n. 烟 v. 冒烟；吸烟
smoky		
smooth	smuð	n. 平滑部分；一块平地；adj. 顺利的；光滑的；平稳的；vt. 使光滑；消除（障碍等）；使优雅；缓和；adv. 光滑地；平稳地；流畅地；vi. 变平静；变平滑
smuggle		
smuggler		
smuggling		
snack	snæk	小吃，快餐；一份，部分；吃快餐，吃点心
snail		
snake	sneɪk	n. 蛇 v. 蛇般爬行;蜿蜒行进
snap		
snatch		
sneak		
sniff		
snob		
snobbish		
snow	snəʊ	n. 雪 vi.下雪
snowy		
so	səʊ	ad. 如此，这么；非常；同样 conj. 因此，所以
so-called		
soak		
soap	səʊp	n. 肥皂
soar		
sob		
sober		
soccer		
sociable		
social	ˈsəʊʃl	n. 联谊会；联欢会；adj. 社会的，社交的；群居的
socialism		
socialist		
socialize		
society	səˈsaɪətɪ	n. 社会
sociologist		
sociology		
sock	sɔk	n. 短袜
socket		
soda		
sodium		
sofa	səʊfə	n.（长）沙发
soft	sɔft; (US) sɔːft	a. 软的，柔和的
soften		
software	ˈsɒftweə	n. 软件
soil	sɔɪl	n. 土壤，土地
solar	ˈsolɚ	太阳的；日光的；利用太阳光的；与太阳相关的；日光浴室
soldier	ˈsəʊldʒə(r)	n. 士兵，战士
sole		
solely		
solemn		
solemnity		
solicit		
solicitor		
solid		
solidarity		
solidify		
solidity		
solitary		
solitude		
solo		
soluble		
solution	səˈluʃən	n. 解决方案；溶液；溶解；解答
solve	sɒlv	vt. 解决；解答；溶解；vi. 作解答
solvent		
some	sʌm	a. 一些，若干；有些；某一 pron. 若干，一些
somebody	ˈsʌmbɔdɪ	pron. 某人；有人；有名气的人
somehow		
someone	ˈsʌmwʌn	pron. 某一个人
something	ˈsʌmθɪŋ	pron. 某事；某物
sometime		
sometimes	ˈsʌmtaɪmz	ad. 有时
somewhat		
somewhere	ˈsʌmweə	ad. 在某处
son	sʌn	n. 儿子
song	sɔŋ	n. 歌唱；歌曲
soon	suːn	ad. 不久,很快,一会儿
soothe		
sophisticated		
sophistication		
sore		
sorrow		
sorrowful		
sorry	ˈsɔrɪ	a. 对不起,抱歉;难过的
sort	sɔrt	种类；方式；品质；分类；协调；交往
soul		
sound	saʊnd	vi. 听起来,发出声音 n. 声音
soup	suːp	n. 汤
sour	ˈsauə(r)	a. 酸的，馊的
source	sɔːs	n. 来源；水源；原始资料
south	ˈsauθ	a. 南(方)的 ad. 在南方；向南方 n. 南；南方；南部
southeast	‚sauθ'iːst	n. 东南
southeastern		
southern	'sʌð(ə)n	a. 南部的，南方的
southwest	sauθ'west	n. 西南
southwestern		
souvenir		
sovereign		
sovereignty		
sow	səu	vt. 播种
space	speɪs	n. 空间
spacecraft		
spaceship	ˈspeɪsʃɪp	n. 宇宙飞船
spacious		
spade		
spaghetti		
span		
spare		
sparingly		
spark		
sparkle		
spatial		
speak	ˈspiːk	v. 说，讲；谈话；发言
speaker	ˈspikɚ	演讲者；扬声器；说话者；说某种语言的人
spear		
special	ˈspeʃ(ə)l	a. 特别的，专门的
specialist		
speciality		
specialization		
specialize		
specialty		
species	ˈspiʃiz	n. 物种；种类；adj. 物种上的
specific	spəˈsɪfɪk	n. 特性；细节；特效药；adj. 特殊的，特定的；明确的；详细的； 具有特效的
specifically		
specification		
specify		
specimen		
spectacle		
spectacular		
spectator		
spectrum		
speculate		
speculation		
speculative		
speech	spiːtʃ	n. 演讲
speechless		
speed	spiːd	n. 速度 v.（使）加速
speeding		
speedy		
spell	spel	vt. 拼写
spelling		
spend	spend	n. 预算；vt. 度过，消磨（时光）；花费；浪费；用尽；vi. 花钱；用尽，耗尽
spending		
sphere		
spherical		
spice		
spicy		
spider		
spill		
spin		
spinal		
spine		
spiral		
spirit	ˈspɪrɪt	n. 精神
spiritual		
spit	spɪt	v. 吐唾沫；吐痰
spite		
splash		
splendid	ˈsplendɪd	a. 灿烂的，辉煌的；（口语）极好的
splendor		
split		
spoil		
spokesman		
spokesperson		
spokeswoman		
sponge		
spongy		
sponsor		
sponsorship		
spontaneity		
spontaneous		
spoon	spuːn	n. 匙, 调羹
spoonful		
sport	spɔːt	n. 体育运动，锻炼；(复，英)运动会
sportsman		
sportswoman		
spot	spɔt	n. 斑点，污点；场所，地点 v. 沾上污渍，弄脏
spotlight		
spouse		
sprawl		
spray		
spread	sprɛd	传播；伸展；伸展的
spring	sprɪŋ	n. 春天,春季 n. 泉水,泉
sprinkle		
spur		
spy		
squad		
square	skweə(r)	n. 广场 a. 平方的；方形的，宽而结实的（体格，肩膀）
squeeze		
stab		
stability		
stabilize		
stable	ˈstebl	马厩；牛棚；稳定的；牢固的；坚定的；被关在马厩
stack		
stadium	ˈstedɪəm	体育场；露天大型运动场
staff	stæf	职员；参谋；棒；支撑；职员的；行政工作的；供给人员；给…配备职员
stage		
stagger		
stagnant		
stagnate		
stagnation		
stain		
stainless		
stair		
staircase		
stake		
stale		
stalk		
stall		
stammer		
stamp	stæmp	n. 邮票
stance		
stand	stænd	n. 站；立；停止；立场；地位；台；坛；摊
standard	ˈstændəd	n. 标准；水准；旗；度量衡标准；adj. 标准的；合规格的；公认为优秀的
standardization		
standardize		
standby		
standpoint		
staple		
stapler		
star	stɑː(r)	n. 星，恒星
stare	stɛr	n. 凝视；注视；vt. 凝视，盯着看；vi. 凝视，盯着看；显眼
stark		
starry		
start	stɑːt	v. 开始，着手；出发
starter		
startle		
starvation		
starve		
state	steɪt	n. 状态；情形；国家，（美国的）州
statement		
statesman	ˈstetsmən	政治家；国务活动家
static		
station	ˈsteɪʃ(ə)n	n. 站，所，车站；电台
stationary		
stationery		
statistic		
statistical		
statue		
status		
statute		
statutory		
stay	steɪ	n.& vi. 停留，逗留，呆
steadily		
steady		
steak	stek	牛排；肉排；鱼排
steal	stiːl	vt. 偷, 窃取
steam	stim	蒸，散发；用蒸汽处理；蒸汽；精力；蒸汽的
steamer		
steamy		
steel		
steep	stiːp	a. 险峻的；陡峭的
steer		
stem		
step	step	n. 脚步,台阶,梯级 vi. 走,跨步
stereotype		
stern		
steward	ˈstuɚd	管家；乘务员；膳务员；工会管事；当服务员；当管事；管理
stick	stɪk	vi. 粘住，钉住；坚持 n. 木棒（棍）,枝条
sticky		
stiff		
stiffen		
stifle		
stigma		
still	stɪl	a. 不动的,平静的 ad. 仍然,还
stimulant		
stimulate		
stimulation		
stimulus		
sting		
stipulate		
stipulation		
stir		
stitch		
stock		
stocking	ˈstɔkɪŋ	n. 长统袜
stomach	ˈstʌmək	n. 胃，胃部
stone	stəʊn	n. 石头，石料
stony		
stool		
stoop		
stop	stɔp	n. 停；（停车）站 v. 停，停止，阻止
stoppage		
storage		
store	stɔː(r)	n. 商店 vt. 储藏，存储
storm	stɔːm	n. 风暴，暴（风）雨
stormy		
story	ˈstɔːrɪ	n. 故事，小说
stout	staʊt	结实的；矮胖的；勇敢的；激烈的；矮胖子；烈性啤酒
stove	stov	火炉；窑；温室；用火炉烤
straight	streɪt	a. 一直的，直的 ad. 一直地，直地
straighten		
straightforward		
strain		
strait		
strand		
strange	streɪndʒ	a. 奇怪,奇特的,陌生的
stranger	ˈstrendʒɚ	陌生人；外地人；局外人
strangle		
strap		
strategic		
strategy	ˈstrætədʒi	n. 战略，策略
straw	strɔ	稻草；吸管；一文不值的东西；稻草的；无价值的
stray		
streak		
stream	strim	溪流；流动；潮流；光线；流；涌进；飘扬
streamline		
street	striːt	n. 街，街道
strength	strɛŋkθ	n. 力量；力气；兵力；长处
strengthen		
stress	strɛs	n. 压力；强调；紧张；重要性；重读；vt. 强调；使紧张；加压力于；用重音读
stressful		
stretch		
strict	strɪkt	a. 严格的，严密的
stride		
strike	straɪk	v.（钟）鸣;敲（响）,罢工,擦（打）火, 侵袭
striking		
string		
strip		
stripe		
strive		
stroke		
stroll		
strong	strɔŋ	a. 强(壮)的；坚固的；强烈的；坚强的
structural		
structure		
struggle	ˈstrʌɡəl	n. 努力，奋斗；竞争；vt. 使劲移动；尽力使得；vi. 奋斗，努力；挣扎
stubborn		
student	ˈstjuːdənt	n. 学生
studio		
study	ˈstʌdɪ	v. 学习；研究 n. 书房
stuff		
stuffing		
stuffy		
stumble		
stump		
stun		
stunning		
stupid	ˈstjuːpɪd	a. 愚蠢的，笨的
stupidity		
sturdy		
style		
stylish		
subject	ˈsʌbdʒɪkt	n. 题目；主题；学科；主语；主体
subjective		
submarine		
submerge		
submission		
submissive		
submit		
subordinate		
subordination		
subscribe		
subscriber		
subscription		
subsequent		
subsidize		
subsidy		
subsistence		
substance		
substantial		
substitute	ˈsʌbstɪtut	代用品；代替者；替代
substitution		
subtle		
subtlety		
subtract		
subtraction		
suburb		
suburban		
subway		
succeed	səkˈsiːd	vi. 成功
success	səkˈses	n. 成功
successful	səkˈsesfʊl	a. 成功的,有成就的
succession		
successive		
successor		
such	sʌtʃ	] ad. 那么 pron.（泛指）人，事物 a. 这样的，那样的
suck		
sudden	ˈsʌd(ə)n	a. 突然的
suddenly		
sue		
suffer	ˈsʌfər	vi. 遭受，忍受；受痛苦；经验；受损害；vt. 遭受；忍受；经历
suffering		
suffice		
sufficient		
sugar	ˈʃʊɡə(r)	n. 糖
suggest	səˈdʒest; (US) sə ˈdʒest	vt. 建议，提议
suggestion	səˈdʒestʃ(ə)n	n. 建议
suggestive		
suicidal		
suicide		
suit	suːt, sjuːt	vt. 适合 n. 一套（衣服）
suitable		
suitcase		
suite		
sulfur		
sulphur		
sum		
summarize		
summary		
summer	ˈsʌmə(r)	n. 夏天，夏季
summit		
summon		
sun	sʌn	n. 太阳，阳光
Sunday	ˈsʌndeɪ	n. 星期日
sunlight	ˈsʌnlaɪt	n. 日光，阳光
sunny	ˈsʌnɪ	a. 晴朗的;阳光充足的
sunrise	ˈsʌnraɪs	n. 黎明，拂晓
sunset	ˈsʌnset	n. 日落(时分)
sunshine	ˈsʌnʃaɪn	n. 阳光
super	ˈsuːpə(r), ˈsjuːpə(r)	a. 顶好的，超级的
superb		
superficial		
superintendent		
superior	səˈpɪriər	上级的；优秀的，出众的；高傲的；上级，长官；优胜者，高手；长者
superiority		
supermarket	ˈsuːpəmɑːkɪt	n. 超级市场
superstition		
superstitious		
supervise		
supervision		
supervisor		
supper	ˈsʌpə(r)	n. 晚餐，晚饭
supplement		
supplementary		
supplier		
supply	səˈplaɪ	vt.& n. 供给，供应
support	səˈpɔrt	n. 支持，维持；支援，供养；支持者，支撑物；vt. 支持，支撑，支援；扶持，帮助；赡养，供养
supporter		
supportive		
suppose	səˈpəʊz	vt. 猜想,假定,料想
supposedly		
supposition		
suppress		
suppression		
suppressive		
supremacy		
supreme		
sure	ʃʊə(r), ʃɔː(r)	a. 确信，肯定 ad. (口语)的确，一定，当然
surf	ˈsɜːf	v. 冲浪
surface		
surfing		
surge		
surgeon		
surgery		
surgical		
surname		
surpass		
surplus		
surprise	səˈpraɪz	vt. 使惊奇,使诧异 n. 惊奇,诧异
surrender		
surround	səˈraʊnd	围绕；包围；围绕物；环绕立体声的
surroundings		
surveillance		
survey	ˈsɜːveɪ	n. 调查；测量；审视；纵览；vt. 调查；勘测；俯瞰；vi. 测量土地
survival		
survive	sərˈvaɪv	vi. 幸存；活下来；vt. 幸存；生还；幸免于；比...活得长
survivor		
susceptible		
suspect	sʌspɛkt; (for v.) səˈspɛkt	嫌疑犯；可疑的；不可信的；怀疑；猜想
suspend		
suspense		
suspension	səˈspɛnʃən	悬浮；暂停；停职
suspicion		
suspicious		
sustain		
sustainability		
sustainable		
swallow		
swallowl		
swamp		
swap		
sway		
swear		
sweat		
sweater	ˈswetə(r)	n. 厚运动衫，毛衣
sweep	swiːp	v. 扫除，扫
sweet	swiːt	n. 甜食;蜜饯;甜点;糖果;芳香 a. 甜的;可爱的;亲切的
swell		
swift		
swim	swɪm	vi. 游泳,游 n. 游泳，游
swimmer		
swimming	ˈswɪmɪŋ	n. 游泳
swing	swɪŋ	vt. 挥舞，摆动 n. 秋千
swipe		
switch	swɪʧ	n. 开关；转换；鞭子；vi. 转换；抽打；换防；vt. 转换；用鞭子等抽打
sword		
sy		
symbol	ˈsɪmbəl	n. 象征；符号；标志
symbolic		
symmetric		
symmetry		
sympathetic		
sympathize		
sympathy	ˈsɪmpəθi	n. 同情；慰问；赞同
symphony		
symposium		
symptom	ˈsɪmptəm	n. 症状；征兆
syndicate		
syndrome		
synonym		
synthesis		
synthesize		
synthetic		
system	ˈsɪstəm	n. 制度，体制；系统；方法
systematic		
systematically		
table	ˈteɪb(ə)l	n. 桌子，表格
tablet		
taboo		
tack		
tackle		
tact		
tactful		
tactic		
tag	tæg	n.附加语;标签
tail	teɪl	n. (动物的)尾巴
tailor	ˈteilə	n.裁缝vt.裁制衣服
take	teɪk	vt. 拿；拿走；做；服用；乘坐；花费
takeoff		
tale	teil	n.故事，传说
talent	ˈtælənt	n.天才;才能;人才
talented		
talk	tɔːk	vi.讲话vt.谈论
talkative		
tall	tɔːl	a. 高的
tame	teim	a.驯服的;顺从的
tan		
tangible		
tangle		
tank	tæŋk	n.坦克;大容器，槽
tanker		
tap	tæp	vt.&vi.&n.轻叩；n.塞子;龙头vt.开发
tape	teɪp	n. 磁带；录音带
target		
tariff		
task	tɑːsk; (US) tæsk	n. 任务, 工作
taste	teist	n.味觉，品味
tasty		
tax	tæks	n. 税金；重负；vt. 向…课税；使负重担
taxation		
taxi	ˈtæksɪ	n. 出租汽车
tea	tiː	n. 茶；茶叶 
teach	tiː tʃ	v. 教书,教
teacher	ˈtiːtʃə(r)	n. 教师，教员
teaching		
team	tiːm	n. 队，组
tear	teə(r)	n. 眼泪 v. 扯破, 撕开
tease	tiz	取笑；戏弄；梳理；欺负；强求；使起毛；戏弄；爱纠缠的小孩；挑逗者；卖弄风骚的女孩
tech		
technical	ˈteknikəl	a.技术的，工艺的
technician	tekˌniʃən	n.技术员，技师
technique		
technological		
technology	tekˈnɔlədʒɪ	n. 技术
tedious	ˈtiːdiəs	a.冗长乏味的，沉闷的
teen		
teenager	ˈtiːneɪdʒə(r)	n.（13～19岁的）青少年，十几岁的少年
telecommunications		
telegram	ˈteligræm	n.电报
telephone	ˈtelɪfəun	v. 打电话 n. 电话
telescope	ˈteliskəup	n.望远镜
telescopic		
television	ˈtelɪviʒən	n. 电视
tell	tel	vt. 告诉,讲述,吩咐
teller		
telling		
temper		
temperament		
temperature	ˈtemprɪtʃə(r)	n. 温度
temple	ˈtempl	n.圣堂，神殿，庙宇
tempo		
temporal		
temporarily		
temporary	ˈtempərəri	a.暂时的，临时的
tempt	tempt	vt.引诱，诱惑;吸引
temptation	tempˌteiʃən	n.诱惑，引诱
ten	ten	num. 十
tenant		
tend	tend	vt.照管，照料，护理；vi.走向，趋向;倾向
tendency	ˈtendənsi	n.趋向，趋势，倾向
tender	ˈtendə	a.嫩的;脆弱的
tennis		
tense	tens	n.时态，时；a.拉紧的，绷紧的
tension	ˈtenʃən	n.紧张,不安,拉紧,张力
tent	tent	n. 帐篷
tentative		
tenure		
term	tɜːm	n. 学期;术语;条款;项
terminal	ˈtəːminl	a.末端的n.末端
terminate		
termination		
terrace		
terrain		
terrible	ˈterəbl	a.可怕的;极度的
terribly		
terrific		
terrify	ˈterɪfaɪ	vt. 使人感到恐怖
territorial		
territory	ˈteritəri	n.领土，版图;领域
terror	ˈterə	n.恐怖，惊骇
terrorism		
terrorist		
tertiary		
test	test	vt.& n. 测试, 考查，试验
testify		
testimony		
text	tekst	n. 文本，课文
textbook	ˈtekstbʊk	n. 课本，教科书
textile	ˈtekstail	n.纺织品a.纺织的
texture		
than	ðen, ðæn	conj. 比
thank	θæŋk	vt. 感谢，致谢，道谢 n.（复）感谢，谢意
thankful	ˈθæŋkfʊl	a. 感谢的，感激的
Thanksgiving		
that	ðæt	a.& pron.那，那个 conj. 那，那个 ad. 那么，那样
the		Pacific Ocean [ðə pəˈsɪfɪkˈəʊʃ (ə)n] 太平洋
theater		
theatrical		
theft	θɛft	盗窃；偷；赃物
their	ðeə(r)	pron. 他(她,它)们的
theirs	ðeəz	pron. 他（她,它）们的
them	ð(ə)m, ðem	pron. 他/她/它们（宾格）
theme		
themselves	ðəmˈselvz	pron. 他/她/它们自己
then	ðen	ad. 当时,那时,然后,那么
theoretical	θiəˌretikəl	a.理论(上)的
theory	ˈθɪri	n. 理论；原理；学说；推测
therapeutic		
therapist		
therapy		
there	ðeə(r)	int. 那!你瞧! n. 那里,那儿 ad. 在那里,往那里
thereby	ˈðeəˌbai	ad.因此，从而，由此
therefore	ˈðeəfɔː	ad.因此，所以
thermal		
thermometer	θəˌmɔmitə	n.温度计，寒暑表
these	ðiːz	a. & pron. 这些
thesis		
they	ðeɪ	pron. 他（她）们；它们
thick	θɪk	a. 厚的
thickness	ˈθiknis	n.厚(度);密(度)
thief	θiːf	n. 窃贼, 小偷
thigh		
thin	θɪn	a. 薄的；瘦的；稀的
thing	θɪŋ	n. 东西；(复)物品，用品；事情，事件
think	θɪŋk	v. 想；认为；考虑
thinking	ˈθɪŋkɪŋ	思考的；思想的；有理性的；好思考的；思考；思想；想法；意见；见解；思考（think的现在分词）
third	θəːd	num. 第三
thirst	θəːst	n. 渴；口渴
thirsty	ˈθəːstɪ	a. 渴
thirteen	θəːtiːn	num. 十三
thirty	ˈθəːtɪ	num. 三十
this	ðɪs	a.& pron.这，这个
thorn		
thorny		
thorough	ˈθʌrə	a.彻底的;详尽的
those	ðəʊz	a.& pron. 那些
though	ðəʊ	conj. 虽然，可是
thought	θɔːt	n. 思考,思想;念头
thoughtful	ˈθɔːtful	a.沉思的;体贴的
thousand	ˈθaʊzənd	num. 千
thread	θred	n.线;丝;螺纹;头绪
threat	θret	n.威胁，恐吓，凶兆
threaten	ˈθretn	vt.&vi.威胁，恐吓
three	θriː	num. 三
threshold		
thrift		
thrifty		
thrill		
thriller		
thrive	θraiv	vi.兴旺，繁荣，旺盛
throat	θrəut	n.咽喉，喉咙;嗓音
throne		
through	θruː	prep. 穿（通）过;从始至终 ad. 穿(通)过;自始至终,全部
throughout	θruːˌaut	prep.遍及ad.到处
throw	θrəʊ	v. 投,掷,扔
thrust	θrʌst	vt.插，刺n.插;讽刺
thumb		
thunder	ˈθʌndə	n.雷vi.打雷vt.吼出
thunderous		
Thursday	ˈθəːzdeɪ	n. 星期四
thus	ðʌs	ad.如此，这样;因而
tick	tɪk	vt. 作记号 n. 记号,符号,滴答声
ticket	ˈtɪkɪt	n. 票；卷
tickle		
tidal		
tide	taid	n.潮，潮汐;潮流
tidy	ˈtaidi	a.整洁的;整齐的
tie	taɪ	vt.（用绳，线）系，拴，扎 n. 领带，绳子，结；关系
tiger	ˈtaɪɡə(r)	n. 老虎
tight	taɪt	adj. 紧的；密封的；绷紧的；麻烦的；严厉的；没空的；吝啬的；adv. 紧紧地；彻底地
tighten		
tigress		
tile		
till	tɪl	conj.& prep. 直到,直到…为止
tilt		
timber		
time	taɪm	n. 时间;时期;钟点,次,回 vt. 测定…的时间,记录…的时间
timely		
timid		
timing		
tin	tin	n.锡;罐头
tiny	ˈtaɪni	微小的；很少的
tip	tip	vt.轻击vi.给小费
tire	ˈtaiə	vi.疲劳，累;厌倦
tired	ˈtaɪəd	a. 疲劳的，累的
tireless		
tiresome		
tiring		
tissue	ˈtisjuː	n.薄绢;薄纸;组织
title		
to	tʊ, tuː	prep. 给；对，向，到
toast	təust	n.烤面包vt.烘，烤；n.祝酒;祝酒词
tobacco	təˈbækəʊ	n. 烟草，烟叶；烟草制品；抽烟
today	tədei	ad.& n. 今天;现在,当前
toe	təu	n.脚趾，足尖
together	təˈgeðə	ad. 一起，共同
toil		
toilet	ˈtɔilit	n.厕所，盥洗室，浴室
token		
tolerable		
tolerance	ˈtɔlərəns	n.忍受，容忍;公差
tolerant		
tolerate	ˈtɔləreit	vt.忍受，容忍，宽恕
toll		
tomato	təˈmɑːtəʊ; (US) təˈmeɪtəʊ	n. 西红柿，番茄
tomorrow	təˈmɔrəʊ	ad. & n. 明天
ton	tʌn	n.（重量单位）吨
tone	təun	n.音;腔调;声调
tongue	tʌŋ	n. 舌，舌头
tonight	təˈnaɪt	ad.& n. 今晚，今夜
tonnage		
too	tuː	ad. 也,还,又,太,非常
tool	tuːl	n. 工具，器具
tooth	tuːθ	n. 牙齿
top	tɔp	n. 顶部,（物体的）上面
topic		
topical		
topple		
torch	tɔːtʃ	n.火炬，火把;手电筒
tornado		
torture	ˈtɔːtʃə	n.拷问;折磨vt.拷打
toss		
total	ˈtəutl	a.总的vi.合计，总共
touch	tʌtʃ	vt.触摸;触动;感动n.触
tough	tʌf	a.坚韧的;健壮的
tour	tuə	n.&vi.旅行，游历
tourism	ˈtʊərɪz(ə)m	n. 旅游业；观光
tourist	ˈtuərist	n.旅游者，观光者
tournament		
tow		
toward	təˈwɔːd(z)	prep. 向，朝，对于
towel	ˈtauəl	n.毛巾，手巾
tower	ˈtauə	n.塔vi.屹立，高耸
town	taʊn	n. 城镇，城
township		
toxic		
toy	tɔɪ	n. 玩具, 玩物
trace	treis	n.痕迹;丝毫vt.跟踪
track	træk	n.行踪;路径;轨道
tract		
tractor	ˈtræktə	n.拖拉机;牵引车
trade	treid	n.贸易;职业vi.交易
trademark		
tradition	trəˈdɪʃ (ə)n	n. 传统，风俗
traditional	trəˈdɪʃ(ə)n(ə)l	a. 传统的，风俗的，惯例的
traffic	ˈtræfik	n.交通，通行;交通量
trafficking		
tragedy	ˈtrædʒidi	n.悲剧;惨事，惨案
tragic		
tragically		
trail	treil	n.痕迹;小径vt.跟踪
trailer		
train	treɪn	n. 火车 v. 培训,训练
trainee		
trainer	treɪnə(r)	n. 训练人；教练
training	ˈtreɪnɪŋ	n. 培训
trait		
tram		
tranquil		
tranquility		
transaction		
transcend		
transcript		
transfer	trænsˌfəː	vt.转移;调动vi.转移
transference		
transform	trænsˌfɔːm	vt.改变;改造;变换
transformation	trænsfəˌmeiʃən	n.变化;改造;转变
transformer	trænsˌfɔːmə	n.变压器，转换器
transient		
transistor	trænˌsistə	n.晶体管
transit		
transition		
transitional		
translate	trænsˈleɪt	vt. 翻译
translation		
translator		
transmission	trænzˌmiʃən	n.传送;传动;发射
transmit	trænzˌmit	vt.传送，传达;发射
transmitter		
transparency		
transparent	trænsˌpeərənt	a.透明的;易识破的
transplant		
transplantation		
transport	trænsˌpɔːt	vt.运输n.运输
transportation	trænspɔːˌteiʃən	n.运输，运送，客运
trap	træp	n.陷阱;诡计vt.诱骗
trash		
trauma		
traumatic		
travel	ˈtræv(ə)l	n.& vi. 旅行
tray	trei	n.(浅)盘，托盘，碟
tre		
tread		
treasure	ˈtreʒə	n.财富;珍宝vt.珍视
treasurer		
treasury		
treat	triːt	vt.对待;处理n.款待
treatment	ˈtriːtmənt	n.待遇;治疗，疗法
treaty	ˈtriːti	n.条约;协议，协定
tree	triː	n. 树
trek		
tremble	ˈtrembl	vi.发抖，哆嗦;摇动
tremendous	triˌmendəs	a.极大的，非常的
trench		
trend	trend	vi.伸向;倾向n.倾向
trial	ˈtraiəl	n.试，试验;审判
triangle	ˈtraiængl	n.三角(形)
triangular		
tribal		
tribe		
tribune		
tribute		
trick	trik	n.诡计;窍门vt.哄骗
trickle		
tricky		
trifle		
trigger		
trillion		
trim	trim	a.整齐的vt.使整齐
trip	trɪp	n. 旅行，旅程
triple		
triumph	ˈtraiəmf	n.凯旋;胜利vi.成功
triumphant		
trivial		
trolley		
troop	truːp	n.军队;一群，大量
trophy		
tropic		
tropical	ˈtrɔpikəl	a.热带的
trouble	ˈtrʌb(ə)l	vt. 使苦恼,使忧虑,使麻烦 n. 问题,疾病,烦恼,麻烦
troublesome	ˈtrʌblsəm	a.令人烦恼的;麻烦的
trousers	ˈtraʊzəz	n. 裤子，长裤
truck	trʌk	n. 卡车, 运货车；车皮
true	truː	a. 真的，真实的；忠诚的
truly		
trumpet	ˈtrʌmpit	n.喇叭，小号
trunk	trʌŋk	n.树干;大衣箱，皮箱
trust	trʌst	n.信任vt.相信;委托
trustee		
truth	truːθ	n.真理;真实;真实性
truthful		
try	trai	v. 试，试图，努力
trying		
tub		
tube	tjuːb	n.管;电子管，显像管
tuck		
Tuesday	ˈtjuːzdeɪ	n. 星期二
tug		
tuition	tjuˈɪʃən	n. 学费；讲授
tumble		
tumor		
tune	tjuːn	n.调子;和谐vt.调谐
tunnel	ˈtʌnl	n.隧道，坑道，地道
turbine	ˈtəːbin	n.叶轮机，汽轮机
turbulence		
turbulent		
turkey	ˈtɜːkɪ	n. 火鸡
turmoil		
turn	tɜːn	v. 旋转，翻转，转变，转弯 n. 轮流，顺序
turnout		
turnover		
turtle		
tutor		
tutorial		
TV		= television [tiː'viː] n. 电视机
twelfth	twelfθ	num. 第十二
twelve	twelv	num. 十二
twentieth	ˈtwentɪɪθ	vnum. 第二十
twenty	ˈtwentɪ	num. 二十
twice	twaɪs	ad. 两次；两倍
twin	twin	a.孪生的n.孪生儿
twist	twist	vt.捻;拧vi.&n.扭弯
two	tuː	num. 二
type	taip	n.型，类型vi.打字
typewriter	ˈtaipraitə	n.打字机
typical	ˈtipikəl	a.典型的，代表性的
typist	ˈtaipist	n.打字员
tyre	ˈtaiə	n.轮胎，车胎
ugliness		
ugly		
ultimate	ˈʌltimit	a.最后的，最终的
ultimately		
ultra		
umbrella	ʌmˈbrelə	n. 雨伞
unanimous		
uncertain	ənˈsɜrtən	adj. 无常的；含糊的；靠不住的；迟疑不决的
uncertainty		
uncle	ˈʌŋk(ə)l	n. 叔,伯,舅,姑夫,姨父
unconscious	ʌnˌkɔʃəs	a.不省人事的
uncover	ʌnˌkʌvə	vt.揭开…的盖子
under	ˈʌndə(r)	ad.& prep. 在…下面，向…下面
underdeveloped		
underestimate		
undergo	ʌndəˌgəu	vt.经历，经受，忍受
undergraduate	ʌndəˌgrædjuit	n.大学在校生
underground	ʌndəˈɡraʊnd	a. 地下的 n. 地铁
underlie		
underline	ʌndəˌlain	vt.划线于…之下
underlying		
undermine		
underneath	ʌndəˌniːθ	ad.在下面，在底下
understand	ʌndəˈstænd	v. 懂得;明白;理解
understanding	ʌndəˈstændɪŋ	n. 领会;理解
undertake	ʌndəˌteik	vt.从事;承担;保证
undertaking		
underwear		
undo	ˈʌnˌduː	vt.解开，打开;取消
undoubtedly	ʌnˌdautidli	ad.无容置疑，肯定地
uneasy	ʌnˌiːzi	a.心神不安的，忧虑的
unemployed		
unemployment	ˌʌnɪmˈplɔɪmənt	n. 失业；失业率；失业人数
unexpected	ˈʌniksˌpektid	a.想不到的，意外的
unfold		
unification		
uniform	ˈjuːnifɔːm	a.一样的n.制服
uniformity		
unify		
unilateral		
union	ˈjuːnjən	n.联合;团结;协会
unique	juːˌniːk	a.唯一的，独一无二的
unit	ˈjuːnit	n.单位;单元;部件
unite	juˌnait	vi.联合vt.使联合
unity	ˈjuːniti	n.单一;统一;团结
universal	juːniˌvəːsəl	a.宇宙的;普遍的
universe	ˈjuːnɪvɜːs	n. 宇宙
university	juːnɪˈvɜːsɪtɪ	n. 大学
unknown	ˈʌnˌnəun	a.不知道的;未知的
unleash		
unless	ˈʌnˌles	conj.除非，如果不
unlike	ˈʌnˌlaik	a.不同的prep.不象…
unlikely	ʌnˌlaikli	a.未必的，未必可能的
unload	ʌnˌləud	vt.卸(货)vi.卸货
unprecedented		
until	ʌnˈtɪl	prep.& conj. 直到…为止
unveil		
up	ʌp	ad. 向上;在上方 prep. 向(高处);向(在)…上(面)游
up-to-date	ˈʌptəˌdeit	a.直到最近的，现代的
update	ˌʌpˈdeɪt	n. 更新；现代化；vt. 更新；校正，修正；使现代化
upgrade		
uphold		
upload		
upon	əˈpɔn	prep. 在…上面
upper	ˈʌpə	a.上面的;地位较高的
upright	ˈʌprait	a.垂直的;正直的
uprising		
upset	ʌpˌset	vt.弄翻，打翻，倾覆
upstairs	ʌpˈsteəz	ad. 在楼上，到楼上
upward	ˈʌpwəd	a.向上的，上升的
upwards		
uranium		
urban	ˈəːbən	a.都市的,住在都市的
urbanization		
urbanize		
urge	əːdʒ	vt.推进;催促n.冲动
urgency		
urgent	ˈəːdʒənt	a.紧急的;强求的
urinate		
urine		
us		
usage	ˈjuːzidʒ	n.使用，对待;惯用法
use	juːz	vt. 利用,使用,应用 n. [juːs] 用法,应用,运用
used	juːzd	a. 用过的;旧的;二手的
useful	ˈjuːsful	a. 有用的，有益的
useless	ˈjuːslɪs	a. 无用的
user	ˈjuːzə	n. 使用者；用户
usual	ˈjuːʒʊəl	a. 通常的，平常的
usually	ˈjuːʒʊəlɪ	ad. 通常，经常
utility	juːˌtiliti	n.效用，有用，实用
utilization		
utilize	ˈjuːtilaiz	vt.利用
utmost	ˈʌtməust	a.最远的n.极限
utter	ˈʌtə	a.完全的，彻底的vt.发出，说，讲
utterly		
vacancy		
vacant	ˈveikənt	a.空的;未被占用的
vacation		
vaccinate		
vaccination		
vaccine		
vacuum	ˈvækjuəm	n.真空;真空吸尘器
vague	veig	a.模糊的，含糊的
vain	vein	a.徒劳的;自负的
valid	ˈvælid	a.有效的;正当的
validate		
validity		
valley	ˈvælɪ	n. 山谷, 溪谷
valuable	ˈvæljəbəl	n. 贵重物品；adj. 有价值的；贵重的；可估价的
value	ˈvæljuː	n.价值;价格vt.评价
valve		
van	væn	n.大篷车，运货车
vanish	ˈvæniʃ	vi.突然不见，消失
vanity		
vapor		
vapour	ˈveipə	n.汽，蒸气
variable	ˈveəriəbl	a.易变的n.变量
variant		
variation	veəriˌeiʃən	n.变化，变动;变异
variety	vəˌraiəti	n.多样化;种类;变种
various	ˈveəriəs	a.各种各样的，不同的
vary	ˈveəri	vt.改变;使多样化
vast	vaːst	a.巨大的;大量的
vegetable	ˈvedʒɪtəb(ə)l	n. 蔬菜
vegetarian		
vegetation		
vehicle	ˈviːikl	n.车辆，机动车
veil		
vein		
velocity	viˌlɔsiti	n.速度，速率
velvet		
vendor		
vent		
ventilate		
ventilation		
venture	ˈventʃə	n.&vi.冒险vt.敢于
venue		
verb		
verbal		
verdict		
verge		
verification		
verify	ˈverifai	vt.证实，查证;证明
versatile		
verse		
version	ˈvəːʃən	n.译文;说法;改写本
versus		
vertical	ˈvəːtikəl	a.垂直的，竖式的
very	ˈverɪ	ad. 很，非常
vessel	ˈvesl	n.容器;船，飞船;管
vest		
veteran	ˈvetərən	n.老兵，老手
veto		
via	ˈvaiə	prep.经过;通过
viable		
vibrate	vaiˌbreit	vt.使颤动vi.颤动
vibration		
vice	vais	n.罪恶;恶习;缺点；n.(老)虎钳
vicinity		
vicious		
victim	ˈvɪktɪm	n. 受害者，牺牲品
victimize		
victorious		
victory		
video	ˈvɪdɪəʊ	n. 录像，视频
view	vjuː	n. 观察；视野；意见；风景；vt. 观察；考虑；查看
viewpoint		
vigor		
vigorous	ˈvigərəs	a.朝气蓬勃的
village	ˈvɪlɪdʒ	n. 村庄，乡村
villager	'vilidʒə	n. 村民
vinegar	ˈvinigə	n.醋
violate		
violation		
violence	ˈvaɪələns	n. 暴力；侵犯；激烈；歪曲
violent	ˈvaiələnt	a.猛烈的;狂暴的
violet	ˈvaiəlit	n.紫罗兰
violin	vaɪəˈlɪn	n. 小提琴
violinist		
virgin		
virginity		
virtual		
virtually	ˈvəːtjuəli	ad.实际上，事实上
virtue	ˈvəːtjuː	n.善;美德;优点
virtuous		
virus		
visa		
visibility		
visible	ˈvizəbl	a.可见的，看得见的
vision	ˈviʒən	n.视;想象力;梦幻
visionary		
visit	ˈvizit	n.& vt. 参观，访问，拜访
visitor	ˈvɪzɪtə(r)	n. 访问者，参观者
visual	ˈvizjuəl	a.看的;看得见的
visualize		
vital	ˈvaitl	a.生命的;有生命力的
vitality		
vitamin	ˈvitəmin	n.维生素，维他命
vivid	ˈvivid	a.鲜艳的;生动的
vocabulary		
vocal		
vocation		
vocational		
vogue		
voice	vɔɪs	n. 说话声; 语态
void		
volatile		
volatility		
volcanic		
volcano	vɔlˌkeinəu	n.火山
volleyball	vɔlibɔːl	n. 排球
volt	vəult	n.伏特，伏
voltage	ˈvaultidʒ	n.电压
volume	ˈvɔljum	n.卷，册;容积;音量
voluminous		
voluntary	ˈvɔləntəri	a.自愿的，志愿的
volunteer	valənˌtɪə	n.志愿者 v. 自愿做某事
vote		
voter		
voucher		
vow		
voyage	vɔidʒ	n.&vi.航海，航空
vulgar		
vulnerability		
vulnerable		
wage	weidʒ	vt.开展(运动)
waggon	ˈwægən	n.四轮运货马车
wagon		
waist		
wait	weɪt	vi. 等，等候
waiter		
waitress		
waive		
waiver		
wake	weɪk	v. 醒来,叫醒
waken	ˈweikən	vi.醒来vt.弄醒
walk	wɔːk	n.& v. 步行；散步
wall		
wallet	ˈwɔlɪt	n. (放钱,证件等的)皮夹
wander	ˈwɔndə	vi.漫游;迷路;离题
want	wɔnt	n.需要;缺乏
war	wɔː(r)	n. 战争
ward		
wardrobe		
ware		
warehouse	ˈwɛrhaʊs	仓库；货栈；大商店
warfare		
warm	wɔːm	a. 暖和的,温暖的;热情的
warmth	wɔːmθ	n.暖和，温暖;热烈
warn	wɔrn	vt. 警告，提醒；通知；vi. 发出警告，发出预告
warning	ˈwɔːnɪŋ	n. 警报
warrant		
warranty		
warrior		
wary		
wash		
washing		
waste	weɪst	n.& vt. 浪费
wasteful		
watch	wɔtʃ	vt. 观看，注视；当心，注意 n. 手表，表
watchful		
water	ˈwɔːtə	n.水vt.使湿，灌溉
waterproof	ˈwɔːtəpruːf	a.不透水的，防水的
watertight		
watt		
wave	weiv	n.波;波涛vi.波动
wavy		
wax	wæks	n.蜡，蜂蜡
way	weɪ	n. 路，路线；方式，手段
we	wiː, wɪ	pron. 我们
weak	wiːk	a. 差的，弱的，淡的
weaken	ˈwiːkən	vt.削弱vi.变弱
weakness	ˈwiːknis	n.虚弱，软弱;弱点
wealth	wɛlθ	n. 财富；大量；富有
wealthy	ˈwelθi	n. 富人；adj. 富有的；充分的；丰裕的
weapon		
wear	weə	vt.磨损
weariness		
weary		
weather	weðə(r)	n. 天气
weave	ˈwiːv	vt.织，编vi.纺织
web	wɛb	网；卷筒纸；蹼；织物；圈套；用网缠住；使中圈套
webcast		
website		
wed		
wedding		
wedge		
Wednesday	ˈwenzdeɪ	n. 星期三
weed	wiːd	n.杂草，野草vi.除草
week	wiːk	n. 星期，周
weekday	ˈwiːkdeɪ	n. 平日,工作日
weekend	wiːkˈend, ˈwiːkend	n. 周末
weekly		
weep	wiːp	vi.哭泣，流泪
weigh	weɪ	vt. 称…的重量，重（若干）
weight	weɪt	n. 重，重量
weird		
welcome	ˈwelkəm	int.n. & v. 欢迎 a. 受欢迎的
weld	weld	vt.&n.焊接，熔接
welfare	ˈwelfeə	n.幸福，福利
well	wel	(better, best) ad. 好 a.好的,健康的 int. 好吧,那么,哎呀 n. 井
well-being		
well-known	wel- nəʊn	a. 出名,众所周知的
well-off		
west	west	a. (在)西；向西,从西来的 ad. 在西方,向西方 n. 西部；西方
western	ˈwest(ə)n	a. 西方的，西部的
westerner	'westənə	n. 西方人
wet	wet	a. 湿的,潮的,多雨的
whale		
wharf		
what	wɔt; (US) hwɑt	pron. 什么,怎么样 a. 多么，何等；什么
whatever	wɔtˈevə(r)	conj. & pron. 无论什么，不管什么
whatsoever		
wheat	wiːt	n.小麦
wheel	wiːl	n.轮，车轮
when	wen	conj. 当…的时候 ad. 什么时候，何时
whenever	wenˈevə(r)	conj. 每当，无论何时
where	weə(r); (US) hweər	ad. 在哪里；往哪里
whereabouts		
whereas		
whereby		
wherever	weərˈevə(r)	conj. 无论在哪里
whether	ˈweðə(r); (US) ˈhweðər	conj. 是否
which	wɪtʃ; (US) hwɪtʃ	pron. 哪一个；哪些
whichever	wɪtʃˈevə(r)	pron. 无论哪个;无论哪些
while	waɪl; (US) hwaɪl	conj. 在…的时候,和…同时 n. 一会儿，一段时间
whilst	ˈwailst	conj.&n.当…的时候
whip	wip	vt.鞭笞;搅打n.鞭子
whirl		
whisky		
whisper	ˈwispə	vt.低声地讲vi.低语
whistle	ˈwisl	n.口哨vi.吹口哨
white	waɪt; (US) hwaɪt	a. 白色的 n. 白色
who	huː	pron. 谁
whoever		
whole	həʊl	a. 整个的
wholesale		
wholesome		
wholly	ˈhəuli	ad.完全地，全部
whom	huːm	pron. (who的宾格 )
whose	huːz	pron. 谁的
why	waɪ; (US) hwaɪ	ad./ int. 为什么, 你难道不知道（表示反驳、不耐烦等）
wicked	ˈwikid	a.坏的;令人厌恶的
wide	waid	a. 宽阔的
widen	ˈwaidn	vt.加宽vi.变宽
widespread		
widow	ˈwidəu	n.寡妇
widower		
width	widθ	n.宽阔，广阔;宽度
wield		
wife	waɪf	n. 妻子
wild	waɪld	n. 荒野；adj. 野生的；野蛮的；狂热的；荒凉的；adv. 疯狂地；胡乱地
wilderness		
wildlife	ˈwaɪldlaɪf	野生动植物；野生动植物的
will	wɪl	n. 意志, 遗嘱
willing	ˈwiliŋ	a.愿意的，心甘情愿的
willingness	ˈwɪlɪŋnɪs	乐意；心甘情愿；自动自发
willpower		
win	wɪn	n. 获胜，赢得 
wind	waind	vt.绕，缠绕vi.卷曲
window	ˈwɪndəʊ	n. 窗户；计算机的窗
windy	ˈwɪndɪ	a. 有风的，多风的
wine	waɪn	n. 酒
winery		
wing	wiŋ	n.翼，翅膀，翅
wink		
winner	ˈwɪnə(r)	n. 获胜者
winter	ˈwɪntə(r)	n. 冬天，冬季
wipe	waɪp	n. 擦拭；用力打；vi. 擦；打；vt. 擦；消除；涂上
wire	ˈwaiə	n.金属线;电缆;电信
wireless		
wisdom		
wise		
wish	wɪʃ	n. 愿望，祝愿 vt. 希望，想要，祝愿
wit	wit	n.智力，才智，智能
witch		
with	wɪð	prep.关于,带有,以,和,用,有
withdraw	wiðˌdrɔː	vt.收回;撤回vi.撤退
withdrawal		
wither		
withhold		
within		
without	wɪðaʊt	prep. 没有
withstand	wiðˌstænd	vt.抵挡，反抗
witness	ˈwitnis	n.证据;证人vt.目击
witty		
wolf		（复wolves）[wʊlf] n. 狼
woman	ˈwʊmən	n. 妇女，女人
wonder	ˈwʌndə(r)	v. 对…疑惑，感到惊奇,想知道 n. 惊讶,惊叹;奇迹
wonderful	ˈwʌndəfʊl	a. 美妙的，精彩的；了不起的；太好了
wood	wud	n.木头,木材,(复)树木,森林
wooden	ˈwudn	a.木制的;呆板的
wool	wul	n.羊毛;毛线，绒线
woolen	'wulin	a. 羊毛的，羊毛制的
word	wəːd	n. 词，单词；话
wording		
work	wəːk	n. 工作,劳动,事情 vi. 工作;(机器、器官等)运转,活动
worker	wəːkə(r)	n. 工人；工作者
workforce	ˈwɜːkfɔːs	n. 劳动力；工人总数，职工总数
workman	ˈwəːkmən	n.工人，劳动者，工匠
workout		
workshop	ˈwəːkʃɔp	n.车间，工场;创作室
world	wəːld	n. 世界
world-wide	ˈwəːldwaid	a.遍及全球的
worldwide	ˈwɝldwaɪd	全世界的；在世界各地
worm	wəːm	n.虫，蠕虫
worried	'wʌrɪd	a. 担心的，烦恼的
worry	wʌrɪ	n.& v. 烦恼,担忧,发怒,困扰
worse	wəːs	a. (bad的比较级)更坏的
worship	ˈwəːʃip	n.礼拜;崇拜vt.崇拜
worst	wəːst	a.最坏的ad.最坏地
worth	wəːθ	a.值…的n.价值
worthiness		
worthless	ˈwəːθlis	a.无价值的，无用的
worthwhile	ˈwəːθˌwail	a.值得花时间的
worthy	ˈwəːði	a.有价值的;值得的
would	wəd, wud	modal v.（will的过去时）将会,打算,想要,过去常常
wound	wuːnd	n.创伤，伤vt.使受伤
wrap	ræp	vt.裹，包，捆n.披肩
wrapping		
wreck	rek	n.失事;残骸vt.破坏
wreckage		
wrench		
wrestle		
wrestling		
wretched		
wrinkle		
wrist	rist	n.腕，腕关节
write	raɪt	(wrote, written) v. 写，书写；写作，著述
writer		
writing		
wrong	rɔŋ	a. 错误,不正常,有毛病的
X-ray	ˈeksˌrei	n.X射线，X光
xion		
yacht		
yard	jaːd	n.院子，庭院;场地；n.码
yawn	jɔːn	vi.打呵欠n.呵欠
yeah		
year	jɪə(r), jəː(r)	n. 年
yearly	ˈjəːli	a.每年的ad.一年一度
yearn		
yearning		
yell	yel	大叫，叫喊；喊声，叫声
yellow	ˈjeləʊ	a. 黄色的
yes	jes	ad. 是，好，同意
yesterday	ˈjestədeɪ	n.& ad. 昨天
yet	jet	ad. 尚，还，仍然
yield	jiːld	vt.&vi.出产n.产量
yoga		
yoghurt		
you	juː, jʊ	pron. 你；你们
young	jʌŋ	a. 年轻的
youngster		
your	jɔː	pron. 你的；你们的
yours	jɔːz, jʊəz	pron. 你的；你们的
yourself	jɔːˈself; (US) jʊərˈself	pron. 你自己
yourselves	jɔːˈselvz; (US) jʊərˈselvz	pron. 你们自己
youth	juːθ	n.青春;青年们;青年
youthful		
yse		
zeal		
zealous		
zero	ˈzɪərəʊ	n. & num. 零,零度,零点
zigzag		
zip		
zipper		
zone	zəun	n.地区，区域，范围
zoo	zuː	n. 动物园
zoological		
zoology		
zoom		
