abandon	əˈbændən	vt.丢弃；放弃，抛弃	1			
ability	əˈbiliti	n.能力；能耐，本领	2	hab		
abnormal	æbˈnɔːməl	a.不正常的；变态的	1	norm		
aboard	əˈbɔːd	ad.在船(车)上；上船	2			
abroad	əˈbrɔːd	ad.(在)国外；到处	2			
absence	ˈæbsəns	n.缺席，不在场；缺乏	1			
absent	ˈæbsənt	a.不在场的；缺乏的	2			
absolute	ˈæbsəluːt	a.绝对的；纯粹的	2	solv		
absorb	əbˈsɔːb	vt.吸收；使专心	2			
abstract	ˈæbstrækt	a.抽象的 n.摘要	1	tract		
abundant	əˈbʌndənt	a.丰富的；大量的	1			
abuse	əˈbjuːz	vt.滥用；虐待 n.滥用	1	us		
academic	ˌækəˈdemik	a.学院的；学术的	1			
accelerate	ækˈseləreit	vt.(使)加快；促进	1	celer		
accent	ˈæksənt	n.口音，腔调；重音	2			
accept	əkˈsept	vt.vi.接受；同意	2	cap		
acceptable	əkˈseptəbl	a.可接受/合意的	1	cap		
acceptance	əkˈseptəns	n.接受，验收；承认	1	cap		
access	ˈækses	n.接近；通道，入口	1	ced		
accident	ˈæksidənt	n.意外的；事故	2	cad		
accommodate	əˈkɔmədeit	vt.容纳;供应,供给	1			
accommodation	əˌkɔməˈdei∫ən	n.招待设备；预定铺位	1			
accompany	əˈkʌmpəni	vt.陪伴，陪同；伴随	1			
accomplish	əˈkɔmpli∫	vt.达到(目的)；完成	1	ple		
account	əˈkaunt	n.记述；解释；帐目	2			
accumulate	əˈkjuːmjuleit	vt.积累 vi.堆积	1	cumul		
accuracy	ˈækjurəsi	n.准确(性)；准确度	1	cur		
accurate	ˈækjurit	a.准确的，正确无误的	1	cur		
accuse	əˈkjuːz	vt.指责；归咎于	1	caus		
achieve	əˈt∫iːv	vt.完成，实现；达到	2			
achievement	əˈt∫iːvmənt	n.完成；成就/绩	1			
acid	ˈæsid	n.酸；酸的，酸性的	1			
acquaintance	əˈkweintəns	n.认识;了解;熟人	1	cogn		
acquire	əˈkwaiə	vt.取得；获得；学到	1	quir		
activity	ækˈtiviti	n.活动；活力；行动	2	act		
actual	ˈæktjuəl	a.实际的；现行的	1	act		
actually	ˈækt∫uəli	ad.实际上；竟然	2	act		
acute	əˈkjuːt	a.尖的，锐的；敏锐的	1			
adapt	əˈdæpt	vt.使适应；改编	1			
addition	əˈdi∫ən	n.加，加法；附加物	2			
address	əˈdres	n.地址；演说；谈吐	2			
adequate	ˈædikwit	a.足够的；可以胜任的	1	equ		
adjust	əˈdʒʌst	vt.调整，调节；校正	1	jud		
administration	ədminisˈtrei∫ən	n.管理；管理部门	1			
admission	ədˈmi∫ən	n.允许进入；承认	1	mit		
admit	ədˈmit	vt.承认；准许…进入	1	mit		
adopt	əˈdɔpt	vt.收养；采用；采取	1	opt		
adult	ˈædʌlt	n.成年人 a.成年的	2			
advance	ədˈvɑːns	vi.前进；提高 n.进展	1			
advantage	ədˈvɑːntidʒ	n.优点，优势；好处	1			
adventure	ədˈvent∫ə	n.冒险；惊险活动	1	ven		
advice	ədˈvais	n.劝告；忠告；意见	2	vid		
advise	ədˈvaiz	vt.劝告；建议；通知	1	vid		
affect	əˈfekt	vt.影响；感动	1	fac		
affection	əˈfek∫ən	n.慈爱，爱；爱慕	1	fac		
afford	əˈfɔːd	vt.担负得起…；提供	1			
agent	ˈeidʒənt	n.代理人，代理商	1	act		
aggressive	əˈgresiv	a.侵略的；好斗的	1	grad		
agree	əˈgriː	vi.同意；持相同意见	2	grat		
agriculture	ˈægrikʌlt∫ə	n.农业，农艺；农学	1			
aid	eid	n.帮助，救护；助手	1			
aim	eim	vi.瞄准，针对；致力	2			
alarm	əˈlɑːm	n.惊恐，忧虑；警报	1			
alcohol	ˈælkəhɔl	n.酒精，乙醇	1			
alloy	ˈælɔi	n.合金；(金属的)成色	1			
aloud	əˈlaud	ad.出声地，大声地	2			
alphabet	ˈælfəbit	n.字母表，字母系统	1			
alter	ˈɔːltə	vt.改变，变更；改做	1	alter		
alternative	ɔːlˈtəːnətiv	n.替换物；取舍，抉择	1	alter		
altitude	ˈæltitjuːd	n.高，高度；高处	1			
altogether	ˌɔːltəˈgeðə	ad.完全；总而言之	1			
aluminium	ˌæljuːˈminjəm	n.铝	1			
amaze	əˈmeiz	vt.使惊奇，使惊愕	1			
ambition	æmˈbi∫ən	n.雄心，抱负，野心	1			
ambulance	ˈæmbjuləns	n.救护车；野战医院	1			
amount	əˈmaunt	n.总数；数量；和	2			
amplify	ˈæmplifai	vt.放大，增强；扩大	1	ple		
amuse	əˈmjuːz	vt.逗…乐；给…娱乐	1			
analyse	ˈænəlaiz	vt.分析，分解，解析	1	lys		
analysis	əˈnælisis	n.分析，分解，解析	1	lys		
ancestor	ˈænsistə	n.祖宗，祖先	1	ced		
ancient	ˈein∫ənt	a.古代的，古老的	1			
angle	ˈæŋgl	n.角，角度	1			
announce	əˈnauns	vt.宣布，宣告，发表	1	nounc		
annoy	əˈnɔi	vt.使恼怒；打搅	1			
annual	ˈænjuəl	a.每年的 n.年报	1	ann		
anticipate	ænˈtisipeit	vt.预料，预期，期望	1	cap		
anxiety	æŋˈzaiəti	n.焦虑，忧虑；渴望	1			
anxious	ˈæŋk∫əs	a.忧虑的；渴望的	1			
apparent	əˈpærənt	a.表面上的；明显的	2	par		
appeal	əˈpiːl	vi.&n.呼吁；申述	2			
appearance	əˈpiərəns	n.出现，来到；外观	2	par		
appetite	ˈæpitait	n.食欲，胃口；欲望	2	pet		
appliance	əˈplaiəns	n.用具，器具，器械	1	plic		
application	ˌæpliˈkei∫ən	n.请求，申请；施用	2	plic		
apply	əˈplai	vt.应用，实施，使用	2	plic		
appoint	əˈpɔint	vt.任命，委任；约定	2	punct		
appreciate	əˈpriː∫ieit	vt.欣赏；领会；感谢	2	grat		
approach	əˈprəut∫	vt.向…靠近 n.靠近	2			
appropriate	əˈprəupriit	a.适当的，恰当的	2	propri		
approve	əˈpruːv	vt.赞成，称许；批准	2	prob		
approximate	əˈprɔksimeit	a.近似的 vt.近似	1	proxim		
arbitrary	ˈɑːbitrəri	a.随心所欲的；专断的	1			
architecture	ˈɑːkitekt∫ə	n.建筑学；建筑式样	1	arch	arch,tect	arch(首领)+tect(覆盖)，建筑师即首领之匠
argue	ˈɑːgjuː	vi.争论，争辩，辩论	2			
argument	ˈɑːgjumənt	n.争论，辩论；理由	2			
arise	əˈraiz	vi.出现；由…引起	2			
arouse	əˈrauz	vt.引起，唤起；唤醒	2			
arrange	əˈreindʒ	vt.筹备；整理；调解	2			
arrest	əˈrest	vt.逮捕，拘留；阻止	2			
artificial	ˌɑːtiˈfi∫əl	a.人工的；娇揉造作的	1	fac		
aspect	ˈæspekt	n.方面；样子，外表	1	spec		
assemble	əˈsembl	vt.集合，召集；装配	1	sembl		
assess	əˈses	vt.对(财产等)估价	1	sed		
assign	əˈsain	vt.指派；分配；指定	2	sign		
assist	əˈsist	vt.援助，帮助；搀扶	2	sist		
associate	əˈsəu∫ieit	vi.交往 n.伙伴，同事	2	soci		
assume	əˈsjuːm	vt.假定；承担；呈现	2	sum		
assure	əˈ∫uə	vt.使确信；向…保证	1			
astonish	əsˈtɔni∫	vt.使惊讶，使吃惊	1	ton		
astronaut	ˈæstrənɔːt	n.宇宙航行员，宇航员	1	astro	astro,nav	astro(星)+nav(船)，驾船航星的人
athlete	ˈæθliːt	n.运动员；田径运动员	1			
atmosphere	ˈætməsfiə	n.大气；空气；气氛	2			
atom	ˈætəm	n.原子；微粒；微量	2			
attach	əˈtæt∫	vt.缚，系，贴；附加	2	tach		
attack	əˈtæk	vt.&vi.&n.攻击，进攻	2			
attain	əˈtein	vt.达到，获得，完成	2	tain		
attempt	əˈtempt	vt.尝试，试图 n.企图	2			
attend	əˈtend	vt.出席；照顾，护理	2	tend		
attention	əˈten∫ən	n.注意，留心；注意力	2	tend		
attitude	ˈætitjuːd	n.态度，看法；姿势	2			
attract	əˈtrækt	vt.吸引；引起，诱惑	2	tract		
attribute	əˈtribju(ː)t	vt.把…归因于 n.属性	2	trib		
audience	ˈɔːdjəns	n.听众，观众，读者	2	aud		
author	ˈɔːθə	n.作者，作家	2			
authority	ɔːˈθɔriti	n.当局，官方；权力	2			
automatic	ˌɔːtəˈmætik	a.自动的；机械的	1	auto		
available	əˈveiləbl	a.可利用的；通用的	2	val		
average	ˈævəridʒ	n.平均数 a.平均的	2			
avoid	əˈvɔid	vt.避免，躲开；撤消	2	vac		
award	əˈwɔːd	n.奖，奖品；判定	2			
awkward	ˈɔːkwəd	a.笨拙的；尴尬的	1			
bacteria	bækˈtiəriə	n.细菌	1	bacter		
baggage	ˈbægidʒ	n.行李	2			
balance	ˈbæləns	vt.使平衡；称 n.天平	2			
banner	ˈbænə	n.旗，旗帜，横幅	2			
barber	ˈbɑːbə	n.理发师	2			
bare	beə	a.赤裸的；仅仅的	2			
bargain	ˈbɑːgin	n.交易 vi.议价；成交	2			
barrel	ˈbærəl	n.桶；圆筒；枪管	2			
barrier	ˈbæriə	n.栅栏，屏障；障碍	2			
basis	ˈbeisis	n.基础，根据	2			
beast	biːst	n.兽，野兽；牲畜	2			
behalf	biˈhɑːf	n.利益，维护，支持	1			
behave	biˈheiv	vi.表现，举止；运转	2			
behavior	biˈheivjə	n.行为，举止，态度	2			
being	ˈbiːiŋ	n.存在；生物；生命	2			
belief	biˈliːf	n.信任，相信；信念	2			
beloved	biˈlʌvid	a.为…的爱的 n.爱人	1			
bend	bend	vt.使弯曲 vi.弯曲	2			
beneath	biˈniːθ	prep.在…下方	2			
beneficial	beniˈfi∫əl	a.有利的，有益的	1	fac		
benefit	ˈbenifit	n.利益；恩惠；津贴	2	fac		
bet	bet	vt.&vi.&n.打赌	2			
betray	biˈtrei	vt.背叛；辜负；泄漏	1			
Bible	ˈbaibl	n.基督教《圣经》	2	bibli		
bind	baind	vt.捆绑；包扎；装钉	2			
bitter	ˈbitə	a.痛苦的；严寒的	2			
blade	bleid	n.刀刃，刀片；叶片	2			
blame	bleim	vt.责备，把…归咎于	2			
blank	blæŋk	a.空白的 n.空白	2			
blast	blɑːst	n.爆炸，冲击波 vt.炸	1			
blaze	bleiz	n.火；闪光 vi.燃烧	1			
bleed	bliːd	vi.出血，流血；泌脂	2			
blend	blend	vt.&vi.&n.混和	2			
bless	bles	vt.为…祝福	2			
bloom	bluːm	n.花；开花，开花期	2			
blossom	ˈblɔsəm	n.花，开花 vi.开花	2			
boast	bəust	vi.自夸 vt.吹嘘	1			
bold	bəuld	a.大胆的；冒失的	2			
bond	bɔnd	n.联结，联系；公债	2			
border	ˈbɔːdə	n.边，边缘；边界	2			
bore	bɔː	vt.使厌烦；钻，挖	1			
bosom	ˈbuzəm	n.胸，胸部；内心	1			
bough	bau	n.树枝	1			
bounce	bauns	vi.反跳，弹起；跳起	1			
bound	baund	a.一定的；有义务的	2			
boundary	ˈbaundəri	n.分界线，办界	2			
brake	breik	n.闸，刹车 vi.制动	2			
brand	brænd	n.商品；烙印 vt.铭刻	2			
breadth	bredθ	n.宽度，幅度；幅面	1			
breast	brest	n.乳房；胸脯，胸膛	2			
breed	briːd	n.品种 vt.使繁殖	2			
breeze	briːz	n.微风，和风	1			
brief	briːf	a.简短的；短暂的	2	brev		
brilliant	ˈbriljənt	a.光辉的；卓越的	2			
brim	brim	n.边，边缘；帽沿	1			
brisk	brisk	a.活泼的；清新的	1			
bristle	ˈbrisl	n.短而硬的毛；鬃毛	1			
British	ˈbriti∫	a.不列颠的，英联邦的	2			
brittle	ˈbritl	a.脆的；易损坏的	1			
bronze	brɔnz	n.青铜；青铜制品	1			
brood	bruːd	n.同窝幼鸟 vt.孵(蛋)	1			
brook	bruk	n.小河，溪流	1			
broom	bruːm	n.扫帚	2			
brow	brau	n.额；眉，眉毛	1			
bruise	bruːz	n.青肿，伤痕；擦伤	1			
brute	bruːt	n.禽兽，畜生	1			
bulk	bʌlk	n.物体，容积，大批	1			
bundle	ˈbʌndl	n.捆，包，束；包袱	2			
burden	ˈbəːdn	n.担子，重担；装载量	2			
bureau	bjuəˈrəu	n.局，司，处；社，所	1			
butcher	ˈbut∫ə	n.屠夫；屠杀者	2			
cabin	ˈkæbin	n.小屋；船舱，机舱	1			
cabinet	ˈkæbinit	n.橱，柜；内阁	1			
cable	ˈkeibl	n.缆，索；电缆；电报	2			
cafeteria	ˈkæfiˈtiəriə	n.自助食堂	1			
calculate	ˈkælkjuleit	vt.计算；估计；计划	2			
campaign	kæmˈpein	n.战役；运动	2			
canal	kəˈnæl	n.运河；沟渠；管	2			
candidate	ˈkændidit	n.候选人；投考者	1	cand		
cannon	ˈkænən	n.大炮，火炮；榴弹炮	2			
canoe	kəˈnuː	n.独木舟，皮艇，划子	2			
canteen	kænˈtiːn	n.小卖部；临时餐室	2			
canvas	ˈkænvəs	n.粗帆布；一块油画布	2			
capable	ˈkeipəbl	a.有能力的，有才能的	1	cap		
capacity	kəˈpæsiti	n.容量；能力；能量	1	cap		
capital	ˈkæpitəl	n.资本，资金；首都	1	capit		
captive	ˈkæptiv	n.俘虏，被监禁的人	1	cap		
capture	ˈkæpt∫ə	vt.捕获，俘获；夺得	1	cap		
career	kəˈriə	n.生涯，职业，经历	2			
cargo	ˈkɑːgəu	n.船货，货物	2			
carpenter	ˈkɑːpintə	n.木工，木匠	2			
carriage	ˈkæridʒ	n.客车厢；四轮马车	2			
carve	kɑːv	vt.刻，雕刻；切开	2			
cassette	kɑːˈset	n.盒式录音带；盒子	2			
cast	kɑːst	vt.投，扔，抛；浇铸	2			
casual	ˈkæʒuəl	a.偶然的；随便的	1	cad		
catalog	ˈkætəlɔg	n.目录，目录册	1	log		
cathedral	kəˈθiːdrəl	n.总教堂；大教堂	2			
cause	kɔːz	n.原因，理由；事业	2	caus		
cease	siːs	vi.&vi.&n.停止，停息	1	ced		
ceiling	ˈsiːliŋ	n.天花板，顶蓬	2			
cellar	ˈselə	n.地窑，地下室	2			
cement	siˈment	n.水泥；胶泥 vt.粘结	2			
centigrade	ˈsentigreid	a.百分度的	2	cent	cent,grad	cent(百)+grad(步)，百分度
ceremony	ˈseriməni	n.典礼，仪式；礼节	2			
certain	ˈsəːtən	a.确实的；肯定的	2	cern		
certificate	səˈtifikit	n.证书，证件，执照	1	cern		
challenge	ˈt∫ælindʒ	n.挑战；要求，需要	2			
chamber	ˈt∫eimbə	n.会议室；房间；腔	2			
champion	ˈt∫æmpjən	n.冠军，得胜者	2			
channel	ˈt∫ænl	n.海峡；渠道；频道	2			
chapter	ˈt∫æptə	n.章，回，篇	2	capit		
character	ˈkæriktə	n.性格；特性；角色	2			
characteristic	ˌkæriktəˈristik	a.特有的 n.特性	1			
charge	t∫ɑːdʒ	vt.索价；控告 n.费用	2			
charity	ˈt∫æriti	n.施舍；慈善事业	1			
chart	t∫ɑːt	n.图，图表；海图	2			
chase	t∫eis	n.追逐，追赶，追求	2			
chemical	ˈkemikəl	a.化学的 n.化学制品	2			
chemist	ˈkemist	n.化学家；药剂师	2			
cheque	t∫ek	n.支票	2			
chief	t∫iːf	a.主要的；首席的	2	capit		
chill	t∫il	vt.使变冷 n.寒冷	2			
choke	t∫əuk	vt.使窒息；塞满	2			
Christian	ˈkristjən	n.基督教徒；信徒	2			
cigarette	sigəˈret	n.香烟，纸烟，卷烟	2			
circuit	ˈsəːkit	n.电路；环行；巡行	1	circ		
circular	ˈsəːkjulə	a.圆的；循环的	2	circ		
circulate	ˈsəːkjuleit	vt.使循环 vi.循环	1	circ		
circumference	səˈkʌmfərəns	n.圆周，周长，圆周线	1	fer		
circumstance	ˈsəːkəmstəns	n.情况，条件；境遇	2	sist		
civil	ˈsivl	a.公民的；文职的	2	civ		
civilization	sivəliˈzei∫ən	n.文明，文化；开化	2	civ		
claim	kleim	vt.声称，主张；索取	1	claim		
clarify	ˈklærifai	vt.澄清，阐明	1	clar		
classify	ˈklæsifai	vt.把…分类	1			
climate	ˈklaimit	n.气候；风土，地带	2	clin		
clue	kluː	n.线索，暗示，提示	2			
clumsy	ˈklʌmzi	a.笨拙的；愚笨的	2			
code	kəud	n.准则；法典；代码	2			
collapse	kəˈlæps	vi.倒坍；崩溃，瓦解	1	laps		
colleague	ˈkɔliːg	n.同事，同僚	1	lect		
collect	kəˈlekt	vt.收集 vi.收款	2	lect		
collision	kəˈliʒən	n.碰撞；冲突	1			
colony	ˈkɔləni	n.殖民地；侨居地	1			
column	ˈkɔləm	n.柱，支柱，圆柱	1			
combination	ˌkɔmbiˈnei∫ən	n.结合,联合;化合	1			
combine	kəmˈbain	vt.使结合；兼有	2			
comfort	ˈkʌmfət	n.舒适；安慰 vt.安慰	2	fort		
command	kəˈmɑːnd	vt.命令，指挥；控制	2	mand		
comment	ˈkɔment	n.评论，意见；注释	2	ment		
commerce	ˈkɔmə(ː)s	n.商业，贸易；社交	1	merc		
commercial	kəˈməː∫əl	a.商业的；商品化的	1	merc		
commission	kəˈmi∫ən	n.委任状；委员会	1	mit		
commit	kəˈmit	vt.犯(错误);干(坏事)	1	mit		
committee	kəˈmiti	n.委员会；全体委员	2	mit		
communicate	kəˈmjuːnikeit	vi.通讯;传达;传播	2			
communication	kəˌmjuːniˈkei∫n	n.通讯;传达；交通	2			
community	kəˈmjuːniti	n.社区；社会；公社	2			
companion	kəmˈpænjən	n.同伴;共事者;伴侣	1			
compare	kəmˈpeə	vt.比较，对照；比作	2	par		
comparison	kəmˈpærisn	n.比较，对照；比似	2	par		
compel	kəmˈpel	vt.强迫，迫使屈服	1	pel		
compete	kəmˈpiːt	vi.比赛；竞争；对抗	2	pet		
competent	ˈkɔmpitənt	a.有能力的；应该做的	1	pet		
competition	kɔmpiˈti∫ən	n.竞争，比赛	2	pet		
complain	kəmˈplein	vi.抱怨，拆苦；控告	2			
complex	ˈkɔmpleks	a.结合的；复杂的	2	plic		
complicated	ˈkɔmplikeitid	a.复杂的，难懂的	2	plic		
component	kəmˈpəunənt	n.组成部分；分；组件	1	pon		
compose	kəmˈpəuz	vt.组成，构成；创作	1	pon		
composition	kɔmpəˈzi∫ən	n.构成；作品；写作	1	pon		
compound	ˈkɔmpaund	n.化合物；复合词	1	pon		
comprehension	ˌkɔmpriˈhen∫ən	n.理解，理解力；领悟	1	prehend		
comprehensive	ˌkɔmpriˈhensiv	a.广泛的；理解的	1	prehend		
compress	kəmˈpres	vt.压紧，压缩	1			
comprise	kəmˈpraiz	vt.包含，包括；构成	1	prehend		
compromise	ˈkɔmprəmaiz	n.妥协，和解	1	mit		
conceal	kənˈsiːl	vt.把…隐藏起来	1			
concentrate	ˈkɔnsentreit	vt.集中；聚集；浓缩	2			
concept	ˈkɔnsept	n.概念，观念，设想	2	cap		
concern	kənˈsəːn	n.关心，挂念；关系	2	cern		
conclude	kənˈkluːd	vt.推断出；结束	2	clud		
conclusion	kənˈkluːʒən	n.结论，推论；结尾	2	clud		
concrete	ˈkɔnkriːt	n.混凝土；具体物	1	creas		
condemn	kənˈdem	vt.谴责，指责；判刑	1	dam		
condition	kənˈdi∫ən	n.状况，状态；环境	2	dic		
conduct	ˈkɔndʌkt,-dəkt	n.举止，行为；指导	2	duc		
conference	ˈkɔnfərəns	n.会议，讨论会	1	fer		
confess	kənˈfes	vt.供认，承认；坦白	1			
confidence	ˈkɔnfidəns	n.信任；信赖；信心	2	fid		
confident	ˈkɔnfidənt	n.确信的，自信的	2	fid		
confine	ˈkɔnfain	vt.限制；禁闭	1	fin		
confirm	kənˈfəːm	vt.证实，肯定；批准	2	firm		
conflict	ˈkɔnflikt	n.争论；冲突；斗争	1			
confuse	kənˈfjuːz	vt.使混乱，混淆	2	fus		
congratulate	kənˈgrætjuleit	vt.祝贺,向…道喜	1	grat		
congress	ˈkɔŋgres	n.大会；国会，议会	1	grad		
conjunction	kənˈdʒʌŋk∫ən	n.接合,连接(词)	1	junct		
connect	kəˈnekt	vt.连接，连结；联系	2	nect		
conquer	ˈkɔŋkə	vt.征服，战胜；破除	1	quir		
conscience	ˈkɔn∫əns	n.良心，道德心	1	sci		
conscious	ˈkɔn∫əs	a.意识到的；有意的	2	sci		
consent	kənˈsent	n.同意，赞成 vi.同意	1	sens		
consequence	ˈkɔnsikwəns	n.结果，后果	2	sequ		
conservation	ˌkɔnsə(ː)ˈvei∫ən	n.保存，保护；守恒	1	serv		
conservative	kənˈsəːvətiv	a.保守的 n.保守的人	1	serv		
consider	kənˈsidə	vt.认为；考虑；关心	2			
considerable	kənˈsidərəbl	a.相当大的;重要的	1			
considerate	kənˈsidərit	a.考虑周到的；体谅的	1			
consist	kənˈsist	vi.由…组成；在于	1	sist		
consistent	kənˈsistənt	a.坚持的，一贯的	1	sist		
constant	ˈkɔnstənt	a.经常的；永恒的	2	sist		
constitution	ˌkɔnstiˈtjuː∫ən	n.章程;体质;构造	1	sist		
construct	kənˈstrʌkt	vt.建造；建设；构筑	1	stru		
consult	kənˈsʌlt	vt.请教，查阅	1			
consume	kənˈsjuːm	vt.消耗，消费；消灭	1	sum		
consumption	kənˈsʌmp∫ən	n.消耗量；消耗	1	sum		
contact	ˈkɔntækt	vt.使接触；与…联系	2	tach		
contain	kənˈtein	vt.包含，容纳；等于	2	tain		
contemporary	kənˈtempərəri	a.当代的，同时代的	1	temp		
contempt	kənˈtempt	n.轻蔑；藐视；受辱	1			
content	kənˈtent	n.内容，目录；容量	2	tain		
contest	ˈkɔntest	vt.争夺，争取；辩驳	1	test		
continent	ˈkɔntinənt	n.大陆；陆地；洲	2	tain		
continual	kənˈtinjuəl	a.不断的；连续的	1	tain		
continue	kənˈtinjuː	vt.继续，连续；延伸	2	tain		
continuous	kənˈtinjuəs	a.连续不断的，持续的	2	tain		
contract	ˈkɔntrækt	n.契约，合同；婚约	2	tract		
contradiction	ˌkɔntrəˈdik∫ən	n.矛盾，不一致；否认	1	dic		
contrary	ˈkɔntrəri	a.相反的 n.相反	2			
contrast	ˈkɔntræst	n.对比，对照，悬殊	2			
contribute	kənˈtribjuːt	vt.捐献，捐助；投稿	2	trib		
control	kənˈtrəul	vt.控制，克制 n.控制	2			
convenience	kənˈviːnjəns	n.便利,方便；厕所	2	ven		
convention	kənˈven∫ən	n.习俗，惯例；公约	1	ven		
conventional	kənˈven∫ənl	a.普通的；习惯的	1	ven		
conversely	ˈkɔnvəːsli	ad.相反地	1	vert		
convert	kənˈvəːt	vt.使转变；使改变	1	vert		
convey	kənˈvei	vt.传送；运送；传播	1	vi		
convince	kənˈvins	vt.使确信，使信服	2	vinc		
cooperate	kəuˈɔpəreit	vi.合作，协作；配合	2	oper		
coordinate	kəuˈɔːdinit	vt.使协调，调节	1	ord		
cope	kəup	vi.对付，应付	1			
core	kɔː	n.果实的心，核心	2			
corporation	ˌkɔːpəˈrei∫ən	n.公司，企业；社团	1	corp		
correct	kəˈrekt	a.正确的 vt.纠正	2	reg		
correspond	kɔːrəˈspɔnd	vi.相符合；相当	1			
corridor	ˈkɔridɔː	n.走廊，回廊，通路	1	cur		
council	ˈkaunsil	n.理事会，委员会	1			
couple	ˈkʌpl	n.夫妇；(一)对；几个	2			
courage	ˈkʌridʒ	n.勇气，胆量，胆识	2	cor		
court	kɔːt	n.法院，法庭；庭院	2			
crack	kræk	n.裂缝，裂纹 vi.爆裂	2			
craft	krɑːft	n.工艺；手艺，行业	2			
crash	kræ∫	vi.碰撞，坠落 n.碰撞	2			
create	kriˈeit	vt.创造；引起，产生	2	creas		
creature	ˈkriːt∫ə	n.生物，动物，家畜	2	creas		
credit	ˈkredit	n.信用贷款；信用	2	cred		
crime	kraim	n.罪，罪行；犯罪	2	cern		
criminal	ˈkriminl	n.犯人，罪犯，刑事犯	2	cern		
crisis	ˈkraisis	n.危机；存亡之际	2	cern		
critic	ˈkritik	n.批评家，爱挑剔的人	2	cern		
critical	ˈkritikəl	a.决定性的；批评的	2	cern		
criticism	ˈkritisiz(ə)m	n.批评；批判；评论	2	cern		
criticize	ˈkritisaiz	vt.批评；评论；非难	2	cern		
crush	krʌ∫	vt.压碎，碾碎；镇压	2			
cultivate	ˈkʌltiveit	vt.耕；种植；培养	2			
culture	ˈkʌlt∫ə	n.文化，文明；教养	2			
cure	kjuə	vt.医治；消除 n.治愈	2	cur		
curiosity	ˌkjuəriˈɔsiti	n.好奇，好奇心；珍品	2	cur		
curious	ˈkjuəriəs	a.好奇的；稀奇古怪的	2	cur		
current	ˈkʌrənt	a.当前的；通用的	2	cur		
curve	kəːv	n.曲线；弯 vt.弄弯	2			
custom	ˈkʌstəm	n.习惯，风俗；海关	2			
cycle	ˈsaikl	n 自行车，循环	2	circ		
damage	ˈdæmidʒ	vt.损害，毁坏 n.损害	2	dam		
data	ˈdeitə	n.数据; 资料	2	don		
dawn	dɔːn	n.黎明；开端 vi.破晓	2			
debate	diˈbeit	n.&vi.争论，辩论	2			
debt	det	n.债，债务，欠债	2			
decade	ˈdekeid	n.十年，十年期	2			
decay	diˈkei	vi.腐烂；衰败 n.腐烂	2	cad		
deceive	diˈsiːv	vt.欺骗，蒙蔽，行骗	2	cap		
decent	ˈdiːsnt	a.正派的；体面的	2			
decide	diˈsaid	vt.决定，决心；解决	2	cid		
decision	diˈsiʒən	n.决定，决心；果断	2	cid		
declare	diˈkleə	vt.断言；声明；表明	2	clar		
decorate	ˈdekəreit	vt.装饰，装璜，修饰	2			
decrease	diːˈkriːs	vi.&n.减少，减少	2	creas		
deduce	diˈdjuːs	vt.演绎，推论，推断	2	duc		
defeat	diˈfiːt	vt.战胜，击败；挫败	2	fac		
defect	diˈfekt	n.缺点，缺陷，欠缺	2	fac		
defend	diˈfend	vt.保卫，防守	2	fend		
define	diˈfain	vt.给…下定义；限定	2	fin		
definite	ˈdefinit	a.明确的；肯定的	2	fin		
definitely	ˈdefinitli	ad.一定地，明确地	2	fin		
definition	ˌdefiˈni∫ən	n.定义，释义；定界	2	fin		
delay	diˈlei	vt.推迟；耽搁；延误	2			
delegation	ˌdeliˈgei∫ən	n.代表团	1	lect		
delete	diˈliːt	vt.删除；擦掉	2			
delicate	ˈdelikit	a.纤细的；易碎的	2			
delight	diˈlait	n.快乐 vt.使高兴	2			
deliver	diˈlivə	vt.投递，送交；发表	2	liber		
demand	diˈmɑːnd	vt.要求；需要；询问	2	mand		
democracy	diˈmɔkrəsi	n.民主，民主制	2	dem	dem,crat	dem(人民)+crat(统治)，人民做主
democratic	ˌdeməˈkrætik	a.民主的，民主政体的	2	dem	dem,crat	dem(人民)+crat(统治)，人民当家
demonstrate	ˈdemənstreit	vt.说明;论证;表露	2	mon		
dense	dens	a.密集的；浓厚的	2			
deny	diˈnai	vt.否定；拒绝相信	2	neg		
depart	diˈpɑːt	vi.离开，起程；出发	2	part		
department	diˈpɑːtmənt	n.部,司,局,处,系	2	part		
departure	diˈpɑːt∫ə	n.离开，出发，起程	2	part		
depend	diˈpend	vi.依靠，依赖；相信	2	pend		
deposit	diˈpɔzit	vt.使沉淀；存放	2	pon		
depress	diˈpres	vt.使沮丧；按下	2			
derive	diˈraiv	vt.取得 vi.起源	2			
descend	diˈsend	vi.下来，下降；下倾	2			
describe	disˈkraib	vt.形容；描写，描绘	2	scrib		
deserve	diˈzəːv	vt.应受，值得	2	serv		
design	diˈzain	vt.设计 n.设计；图样	2	sign		
desirable	diˈzaiərəbl	a.值得相望的；可取的	2			
desire	diˈzaiə	vt.相望；要求 n.愿望	2			
despair	disˈpeə	n.绝望 vi.绝望	2	sper		
desperate	ˈdespərit	a.拼死的；绝望的	2	sper		
despise	disˈpaiz	vt.鄙视，蔑视	1	spec		
despite	disˈpait	prep.不管，不顾	2	spec		
destination	ˌdestiˈnei∫ən	n.目的地,终点；目标	2	sist		
destroy	disˈtrɔi	vt.破坏；消灭；打破	2	stru		
destruction	disˈtrʌk∫ən	n.破坏，毁灭，消灭	2	stru		
detail	diˈteil	n.细节；枝节；零件	2			
detect	diˈtekt	vt.察觉，发觉；侦察	2	tect		
determination	ditəːmiˈnei∫(ə)n	n.决心/定;确定	2	termin		
determine	diˈtəːmin	vt.决定；查明；决心	2	termin		
develop	diˈveləp	vt.发展；形成；开发	2			
development	diˈveləpmənt	n.发展;开发；生长	2			
device	diˈvais	n.器械，装置；设计	2	divid		
devise	diˈvaiz	vt.设计，发明	2	divid		
devote	diˈvəut	vt.将…奉献，致力于	2			
diagram	ˈdaiəgræm	n.图解，图表，简图	2	graph		
dialect	ˈdaiəlekt	n.方言，土语，地方话	2	lect		
dictate	dikˈteit	vt.&vi.口授；命令	1	dic		
differ	ˈdifə	vi.不同，相异	2	fer		
digest	daiˈdʒest	vt.消化；领会 n.文摘	1			
diligent	ˈdilidʒənt	a.勤勉的，勤奋的	1	lect		
dimension	diˈmen∫ən	n.尺寸，尺度；面积	1	meter		
disable	disˈeibl	vt.使无能，使伤残	2			
disadvantage	ˌdisədˈvɑːntidʒ	n.不利(地位)	2	vant		
disappoint	ˌdisəˈpɔint	vt.使失望，使受挫折	2	punct		
disaster	diˈzɑːstə	n.灾难，灾祸；天灾	2	astro		
discard	disˈkɑːd	vt.丢弃，抛弃，遗弃	1			
discharge	disˈt∫ɑːdʒ	vt.释放；排出 n.释放	1			
discipline	ˈdisiplin	n.纪律；训练 vt.训练	1			
disclose	disˈkləuz	vt.揭开，揭发；透露	1	clud		
discourage	disˈkʌridʒ	vt.使泄气，使灰心	1	cor		
disguise	disˈgaiz	vi.隐瞒，掩埋 n.假装	1			
disgust	disˈgʌst	n.厌恶，憎恶	1			
dismiss	disˈmis	vt.不再考虑；解雇	2	mit		
disorder	disˈɔːdə	n.混乱，杂乱；骚乱	2	ord		
display	diˈsplei	vt.陈列，展览；显示	2	plic		
disposal	disˈpəuzəl	n.丢掉，处理，销毁	1	pon		
dispose	disˈpəuz	vi.去掉，丢掉；销毁	1	pon		
dispute	disˈpjuːt	vi.争论，争执 n.争论	1	put		
dissolve	diˈzɔlv	vt.使溶解；解散	1	solv		
distant	ˈdistənt	a.在远处的，疏远的	2	sist		
distinct	disˈtiŋkt	a.与其他不同的	1			
distinction	disˈtiŋk∫ən	n.差别，不同，区分	1			
distinguish	disˈtiŋgwi∫	vt.区别，辨别，认别	1			
distress	disˈtres	n.忧虑，悲伤；不幸	1	string		
distribute	disˈtribju(ː)t	vt.分发，分送；分布	1	trib		
distribution	ˌdistriˈbjuː∫ən	n.分发/配；分布	1	trib		
district	ˈdistrikt	n.区；地区，区域	2	string		
disturb	disˈtəːb	vt.打扰，扰乱；弄乱	2	turb		
diverse	daiˈvəːs	a.不一样的，相异的	1	vert		
divide	diˈvaid	vt.分；分配；分开	2	divid		
division	diˈviʒən	n.分，分配；除法	2	divid		
divorce	diˈvɔːs	n.离婚，离异 vi.离婚	2	vert		
document	ˈdɔkjumənt	n.公文，文件；证件	2	doc		
domestic	dəˈmestik	a.本国的；家庭的	1	domin		
doubtful	ˈdautful	a.难以预测的；怀疑的	2			
draft	drɑːft	n.草稿；汇票 vt.起草	1			
drain	drein	vt.排去；放水 n.耗竭	1			
dramatic	drəˈmætik	a.引人注目的，戏剧的	1			
drift	drift	vi.漂流，漂泊 n.漂流	1			
due	djuː	a.预期的；应给的	2			
durable	ˈdjuərəbl	a.耐久的，耐用的	1	dur		
duration	djuəˈrei∫ən	n.持续，持久	1	dur		
dynamic	daiˈnæmik	a.有活力的；动力的	1	dynam		
eager	ˈiːgə	a.渴望的，热切的	2			
earnest	ˈəːnist	a.认真的，诚恳的	1			
economic	ˌiːkəˈnɔmik	a.经济的，经济学的	2	nom		
economical	ˌiːkəˈnɔmikəl	a.节约的;经济学的	1	nom		
economy	i(ː)ˈkɔnəmi	n.经济；节约，节省	2	nom		
edition	iˈdi∫ən	n.版，版本，版次	2	don		
effect	iˈfekt	n.结果；效果，效力	2	fac		
effective	iˈfektiv	a.有效的；有影响的	1	fac		
efficiency	iˈfi∫ənsi	n.效率；功效，效能	1	fac		
efficient	iˈfi∫ənt	a.效率高的，有能力的	1	fac		
effort	ˈefət	n.努力；努力的成果	2	fort		
elaborate	iˈlæbərət	a.复杂的；精心制作的	1	labor		
elastic	iˈlæstik	n.松紧带 a.有弹性的	1			
elect	iˈlekt	vt.选举，推选；选择	2	lect		
election	iˈlek∫(ə)n	n.选举，选择权；当选	2	lect		
electricity	ilekˈtrisiti	n.电，电学；电流	2			
element	ˈelimənt	n.成分；要素；元素	2			
elevator	ˈeliveitə	n.电梯；升降机	2	lev		
eliminate	iˈlimineit	vt.消灭，消除，排除	2			
embarrass	imˈbærəs	vt.使窘迫，使为难	1			
embrace	imˈbreis	vt.拥抱；包括；包围	1			
emerge	iˈməːdʒ	vi.出现，涌现；冒出	2	merg		
emergency	iˈməːdʒnsi	n.紧急情况，突然事件	2	merg		
emit	iˈmit	vt.散发；发射；发表	1	mit		
emotion	iˈməu∫ən	n.情感，感情；激动	2	mob		
emphasis	ˈemfəsis	n.强调，重点，重要性	2			
emphasize	ˈemfəsaiz	vt.强调，着重	2			
employ	imˈplɔi	vi.雇用；用；使忙于	2	plic		
employment	imˈplɔimənt	n.工业；雇/使用	2	plic		
enclose	inˈkləuz	vt.围住，圈起；附上	1	clud		
encounter	inˈkauntə	vt.遭遇，遇到 n.遭遇	1			
endure	inˈdjuə	vt.忍受；容忍	1	dur		
enforce	inˈfɔːs	vt.实施，执行；强制	1	fort		
engage	inˈgeidʒ	vt.使从事于；聘用	1			
enormous	iˈnɔːməs	a.巨大的，庞大的	1	norm		
ensure	inˈ∫uər	vt.保证；保护；赋予	1	cur		
entertain	ˌentəˈtein	vt.使欢乐；招待	1	tain		
enthusiasm	inˈθjuːziæzəm	n.热情/心，热忱	1			
entire	inˈtaiə	a.全部的，整个的	2			
entry	ˈentri	n.入口处；登记；进入	2			
environment	inˈvaiərənmənt	n.环境，外界；围绕	2			
envy	ˈenvi	vt.&n.妒忌；羡慕	1	vid		
equal	ˈiːkwəl	a.相等的；平等的	2	equ		
equality	i(ː)ˈkwɔliti	n.等同，平等；相等	1	equ		
equipment	iˈkwipmənt	n.装备，设备，配备	2			
equivalent	iˈkwivələnt	a.相等的；等量的	1	equ	equ,val	equ(相等)+val(价值)
era	ˈiərə	n.时代，年代；纪元	1			
erect	iˈrekt	vt.建造；使竖立	1	reg		
error	ˈerə	n.错误，谬误；差错	2	err		
essay	ˈesei	n.短文，散文，小品文	1			
essential	iˈsen∫əl	a.必要的，本质的	2			
establish	isˈtæbli∫	vt.建立，设立；确立	2	sist		
estimate	ˈestimeit	vt.估计，评价 n.估计	2			
evaluate	iˈvæljueit	vt.评价，估…的价	1	val		
event	iˈvent	n.事件，大事；事变	2	ven		
eventually	iˈventjuəli	ad.终于；最后	2	ven		
evidence	ˈevidəns	n.根据；证据，证人	2	vid		
evident	ˈevidənt	a.明显的，明白的	1	vid		
evil	ˈiːvl	n.邪恶；祸害 a.坏的	2			
evolution	evəˈluː∫ən	n.进化，演化；发展	1	volv		
evolve	iˈvɔlv	vt.使进化；使发展	1	volv		
exaggerate	igˈzædʒəreit	vt.&vi.夸大，夸张	1			
exceed	ikˈsiːd	vt.超过，胜过；超出	1	ced		
exception	ikˈsep∫ən	n.例外，除外	2	cap		
excess	ˈekses	n.超越；过量；过度	1	ced		
exchange	iksˈt∫eindʒ	vt.交换；交流 n.交换	2			
exclaim	iksˈkleim	vi.呼喊；惊叫	1	claim		
exclude	iksˈkluːd	vt.把…排除在外	1	clud		
excursion	iksˈkəː∫ən	n.远足；短途旅行	1	cur		
execute	ˈeksikjuːt	vt.将…处死；实施	1	sequ		
executive	igˈzekjutiv	a.执行的 n.执行者	1	sequ		
exert	igˈzəːt	vt.尽(力)，运用	1			
exhaust	igˈzɔːst	vt.使筋疲力尽；用尽	1			
exhibit	igˈzibit	vt.显示；陈列，展览	1	hab		
exist	igˈzist	vi.存在；生存，生活	1	sist		
expand	iksˈpænd	vt.扩大；使膨胀	2	pand		
expect	iksˈpekt	vt.预料，预期；等待	2	spec		
expectation	ˌekspekˈtei∫ən	n.期待/望，预期	1	spec		
expense	ikˈspens	n.花费，消费；费用	1	pend		
experiment	iksˈperimənt	n.实验；试验	2			
experimental	ikˈsperiment(ə)l	a.实/试验的	1			
expert	ˈekspəːt	n.专家 a.熟练的	2			
explanation	ˌekspləˈnei∫ən	n.解释,说明;辩解	2			
explode	iksˈpləud	vt.使爆炸 vi.爆炸	2			
exploit	iksˈplɔit	vt.剥削；利用；开拓	1	plic		
explore	iksˈplɔː	vt.&vi.探险，探索	2			
explosion	iksˈpləuʒən	n.爆炸，爆发，炸裂	1			
export	ˈekspɔːt	vt.输出，出口；运走	2	port		
expose	iksˈpəuz	vt.使暴露；揭露	1	pon		
exposure	iksˈpəuʒə	n.暴露；揭露；曝光	1	pon		
express	iksˈpres	vt.表示 n.快车，快递	2			
extend	iksˈtend	vt.延长；扩大；致	1	tend		
extension	iksˈten∫ən	n.延长部分；伸展	1	tend		
extensive	iksˈtensiv	a.广阔的；广泛的	1	tend		
extent	iksˈtent	n.广度；范围；程度	1	tend		
exterior	eksˈtiəriə	a.外部的；对外的	1			
external	eksˈtəːnl	a.外部的，外面的	1			
extraordinary	ikˈstrɔːdəneri	a.非同寻常的，特别的	1	ord		
extreme	ikˈstriːm	a.极度的；尽头的	2			
fabric	ˈfæbrik	n.织物，纺织品；结构	1			
facility	fəˈsiliti	n.设备；容易；便利	1	fac		
factor	ˈfæktə	n.因素；因子，系数	2	fac		
faculty	ˈfækəlti	n.才能，能力；系，科	1	fac		
failure	ˈfeiljə	n.失败；失败的人	2			
faint	feint	a.微弱的；虚弱的	2			
faith	feiθ	n.信任，信心；信仰	2	fid		
familiar	fəˈmiljə	a.熟悉的；冒昧的	2			
famine	ˈfæmin	n.饥荒；严重的缺乏	1			
fancy	ˈfænsi	n.想象力；设想；爱好	2			
fare	feə	n.车费，船费，票价	2			
farewell	ˈfeəˈwel	int.再会 n.告别	2			
fatal	ˈfeitl	a.致命的；命运的	2			
fate	feit	n.命运，天数	2			
fatigue	fəˈtiːg	n.疲劳，劳累	1	ped		
fault	fɔːlt	n.缺点；过失；故障	2			
favour	ˈfeivə	n.好感；赞同；恩惠	2			
fearful	ˈfiəful	a.害怕的，可怕的	2			
feasible	ˈfiːzəbl	a.可行的；可能的	1	fac		
feast	fiːst	n.盛宴，筵席；节日	2			
feature	ˈfiːt∫ə	n.特征，特色；面貌	2	fac		
federal	ˈfedərəl	a.联邦的；联盟的	1	fid		
fee	fiː	n.费，酬金；赏金	2			
feeble	ˈfiːbl	a.虚弱的；微弱的	2			
feedback	ˈfiːdbæk	n.回授，反馈，反应	2			
female	ˈfiːmeil	n.雌性的动物；女子	2			
fence	fens	n.栅栏	2	fend		
fertile	ˈfəːtail	a.肥沃的；多产的	2	fer		
fever	ˈfiːvə	n.发热，发烧；狂热	2			
fiction	ˈfik∫ən	n.小说；虚构，杜撰	2	fict		
fierce	fiəs	a.凶猛的，狂热的	2			
figure	ˈfigə	n.数字；外形；人物	2	fict		
file	fail	n.档案 vt.把…归档	2			
filter	ˈfiltə	vt.过滤 n.滤纸	2			
final	ˈfainəl	a.最后的；决定性的	2	fin		
finance	faiˈnæns	n.财政，金融；财源	2	fin		
financial	faiˈnæn∫əl	a.财政的，金融的	2	fin		
firm	fəːm	n.商行，商号，公司	2	firm		
flame	fleim	n.火焰；光辉；热情	2			
flash	flæ∫	n.闪光 vi.闪，闪烁	2			
flavour	ˈfleivə	n.味，味道；风味	2			
flesh	fle∫	n.肉，肌肉；肉体	2			
flexible	ˈfleksəbl	a.易弯曲的；灵活的	2	flect		
flight	flait	n.航班；飞行；逃跑	2			
float	fləut	vi.漂浮 vt.使漂浮	2	flu		
flourish	ˈflʌri∫	vi.繁荣，茂盛，兴旺	1	flor		
flow	fləu	vi.流动；飘垂；涨潮	2	flu		
flu	fluː	n.流行性感冒	2	flu		
fluent	ˈflu(ː)ənt	a.流利的，流畅的	2	flu		
fluid	ˈflu(ː)id	n.流体，液体	2	flu		
focus	ˈfəukəs	vi.聚焦，注视 n.焦点	2			
fond	fɔnd	a.喜爱的；溺爱的	2			
forbid	fəˈbid	vt.禁止，不许；阻止	2			
force	fɔːs	vt.强迫 n.力，力量	2	fort		
forecast	ˈfɔːkɑːst	n.预测，预报 vt.预示	2			
foreign	ˈfɔrin	a.外国的；外来的	2			
forgive	fəˈgiv	vt.原谅，饶恕，宽恕	2			
form	fɔːm	n.形式；形状 vt.形成	2	form		
formal	ˈfɔːməl	a.正式的；礼仪上的	2	form		
former	ˈfɔːmə	a.在前的 n.前者	2	form		
formula	ˈfɔːmjulə	n.公式，式	2	form		
fortunate	ˈfɔːt∫ənit	a.幸运的，侥幸的	2			
fortune	ˈfɔːt∫ən	n.命运，运气；财产	2			
found	faund	vt.创立，创办；建立	2	fund		
foundation	faunˈdei∫ən	n.基础；地基；基金	2	fund		
fraction	ˈfræk∫ən	n.小部分；片断；分数	2	frag		
fragment	ˈfrægmənt	n.碎片，破片，碎块	2	frag		
frame	freim	n.框架，框子；构架	2			
framework	ˈfreimwəːk	n.框架，构架，结构	2			
freedom	ˈfriːdəm	n.自由；自主	2			
freight	freit	n.货运；货物；运费	1			
frequency	ˈfriːkwənsi	n.屡次；次数；频率	2			
frequent	ˈfriːkwənt	a.时常发生的；经常的	2			
fresh	fre∫	a.新的；新鲜的	2			
friction	ˈfrik∫ən	n.摩擦，摩擦力	1			
frontier	ˈfrʌntjə	n.边境；边疆；新领域	1	front		
frost	frɔst	n.冰冻，严寒；霜	2			
frown	fraun	vi.皱眉，蹙额	2			
fuel	fjuəl	n.燃料 vt.给…加燃料	2			
fulfil	fulˈfil	vt.履行；满足；完成	2			
function	ˈfʌŋk∫ən	n.功能；职务；函数	2			
fund	fʌnd	n.资金；基金；存款	1	fund		
fundamental	ˌfʌndəˈmentl	a.基础的，基本的	1	fund		
funeral	ˈfjuːnərəl	n.葬礼，丧礼，丧葬	2			
furious	ˈfjuəriəs	a.狂怒的；狂暴的	1			
furnish	ˈfəːni∫	vt.供应，提供；装备	1			
furniture	ˈfəːnit∫ə	n.家具；装置，设备	2			
further	ˈfəːðə	ad.更远地 a.更远的	2			
furthermore	fəːðəˈmɔː(r)	ad.而且，此外	1			
future	ˈfjuːt∫ə	n.将来，未来；前途	2			
gain	gein	vt.获得；增加 n.增进	2			
gap	gæp	n.缺口；间隔；差距	2			
garbage	ˈgɑːbidʒ	n.垃圾，污物，废料	1			
gaze	geiz	vi.凝视，盯，注视	2			
general	ˈdʒenərəl	a.总的；一般的 n.将军	2	gen		
generate	ˈdʒenəˌreit	vt.发生；引起；生殖	1	gen		
generation	ˌdʒenəˈrei∫ən	n.一代(人)；产生	2	gen		
generous	ˈdʒenərəs	a.慷慨的；宽厚的	2	gen		
genius	ˈdʒiːnjəs	n.天才，天赋，天资	1	gen		
genuine	ˈdʒenjuin	a.真的；真正的	1	gen		
geometry	dʒiˈɔmitri	n.几何，几何学	2	geo	geo,meter	geo(土地)+meter(测量),几何源于丈量土地
germ	dʒəːm	n.微生物，细菌，幼芽	1			
gesture	ˈdʒest∫ə	n.姿势，手势；姿态	1			
glimpse	glimps	vt.瞥见 n.一瞥，一看	1			
gloomy	ˈgluːmi	a.黑暗的；令人沮丧的	1			
glorious	ˈglɔːriəs	a.光荣的；壮丽的	2			
glory	ˈglɔːri	n.光荣；荣誉的事	2			
govern	ˈgʌvən	vt.统治，治理；支配	1			
government	ˈgʌvənmənt	n.政府；治理；政治	2			
governor	ˈgʌvənə	n.州长；主管人员	1			
grace	greis	n.优美，文雅；雅致	1	grat		
graceful	ˈgreisful	a.优美的，优雅的	1	grat		
gracious	ˈgrei∫əs	a.有礼貌的；仁慈的	1	grat		
gradual	ˈgrædjuəl	a.逐渐的；渐进的	1	grad		
graduate	ˈgrædjueit	n.毕业生 vi.大学毕业	2	grad		
grammar	ˈgræmə	n.语法；语法书	2	graph		
grant	grɑːnt	n.授给物 vt.授予	1			
graph	grɑːf	n.(曲线)图，图表	1	graph		
grasp	grɑːsp	vt.抓紧；掌握 n.抓	2			
grateful	ˈgreitful	a.感激的；令人愉快的	2	grat		
gratitude	ˈgrætitjuːd	a.感激，感谢，感恩	1	grat		
grave	greiv	n.坟墓 a.严重的	2	grav		
gravity	ˈgræviti	n.重力，引力；严重性	1	grav		
grieve	griːv	vt.使悲痛 vi.悲痛	1	grav		
grip	grip	vt.握紧，抓牢 n.紧握	2			
gross	grəus	a.总的；严重的	1			
growth	grəuθ	n.增长；增长量；生长	2			
guarantee	ˌgærənˈtiː	n.保证；担保物	1			
guidance	ˈgaidəns	n.引导，指导，领导	1			
guilty	ˈgilti	a.内疚的；有罪的	2			
gulf	gʌlf	n.海湾	1			
habitual	həˈbitjuəl	a.习惯性的，惯常的	1	hab		
halt	hɔːlt	vi.停止；立定 n.停住	1			
handle	ˈhændl	n.柄，把手 vt.拿，触	2			
handy	ˈhændi	a.手边的；便于使用的	2			
harbour	ˈhɑːbə	n.海港，港口 vt.庇护	2			
hardly	ˈhɑːdli	ad.几乎不，简直不	2			
hardship	ˈhɑːdˌ∫ip	n.艰难，困苦	2			
hardware	ˈhɑːdweə	n.五金器具；硬件	2			
harm	hɑːm	n.伤害，损害 vt.损害	2			
harmony	ˈhɑːməni	n.调合，协调，和谐	1			
harness	ˈhɑːnis	vt.治理 n.马具，挽具	1			
harsh	hɑː∫	a.严厉的；刺耳的	1			
harvest	ˈhɑːvist	n.收获，收成 vt.收割	2			
haste	heist	n.急速，急忙；草率	1			
hasten	ˈheisn	vt.催促 vi.赶紧	1			
hatred	ˈheitrid	n.憎恶，憎恨，仇恨	1			
hay	hei	n.干草	2			
hazard	ˈhæzəd	n.危险；公害	1			
heading	ˈhediŋ	n.标题，题词，题名	2			
headline	ˈhedlain	n.大字标题；新闻提要	2			
headmaster	hedˈmɑːstə(r)	n.校长	2			
headquarters	ˈhedˌkwɔːtəz	n.司令部；总部	1			
heal	hiːl	vt.治愈；使和解	1			
heating	ˈhiːtiŋ	n.加热，供暖	2			
heaven	ˈhevn	n.天堂；天，天空	2			
heavily	ˈhevili	ad.重重地；大量地	2			
hedge	hedʒ	n.篱笆，树篱；障碍物	1			
height	hait	n.高，高度；高处	2			
heir	eə	n.后嗣，继承人	1			
helicopter	ˈhelikɔptə	n.直升机	1			
hell	hel	n.地狱；极大的痛苦	2			
helpless	ˈhelplis	a.无助的；无能的	2			
hen	hen	n.母鸡，雌禽	2			
hence	hens	ad.因此，所以；今后	1			
hero	ˈhiərəu	n.男主角；英雄；勇士	2			
heroic	hiˈrəuik	a.英雄的；英勇的	1			
heroine	ˈherəuin	n.女主角；女英雄	1			
hesitate	ˈheziteit	vi.犹豫，踌躇；含糊	1	her		
highly	ˈhaili	ad.高度地，很，非常	2			
hillside	ˈhilsaid	n.(小山)山腰，山坡	2			
hint	hint	n.暗示，示意；建议	1			
hire	ˈhaiə	vt.租借 n.租用，雇用	2			
historical	hisˈtɔrikəl	a.历史的，有关历史的	1			
history	ˈhistəri	n.历史；个人经历	2			
hobby	ˈhɔbi	n.业余爱好，癖好	2			
hollow	ˈhɔləu	a.空的；空洞的	1			
holy	ˈhəuli	a.神圣的；圣洁的	2			
honest	ˈɔnist	a.诚实的；可敬的	2			
honesty	ˈɔnisti	n.诚实，正直	2			
honeymoon	ˈhʌnimuːn	n.蜜月	2			
honour	ˈɔnə	n.光荣；尊敬，敬意	2			
honourable	ˈɔnərəbl	a.诚实的；光荣的	1			
hook	huk	n.钩，挂钩 vt.钩住	2			
hopeful	ˈhəupful	a.有希望的	2			
hopeless	ˈhəuplis	a.没有希望的，绝望的	2			
horizon	həˈraizn	n.地平线；眼界，见识	1			
horizontal	ˌhɔriˈzɔntl	a.地平的；水平的	1			
horn	hɔːn	n.号角；警报器；角	2			
horror	ˈhɔrə	n.恐怖；战栗；憎恶	1	horr		
host	həust	n.主人；东道主	2	hosp		
hostile	ˈhɔstail	a.敌方的；不友善的	1	hosp		
household	ˈhaushəuld	n.家庭，户；家务	2			
human	ˈhjuːmən	a.人的，人类的 n.人	2	hum		
humble	ˈhʌmbl	a.谦逊的；地位低下的	1	hum		
humid	ˈhjuːmid	a.湿的，湿气重的	1	hum		
humour	ˈhjuːmə	n.幽默，诙谐，幽默感	1	hum		
ideal	aiˈdiəl	a.理想的；观念的	2	vid		
identical	aiˈdentikəl	a.完全相同的；同一的	1	ident		
identify	aiˈdentifai	vt.认出，识别，鉴定	1	ident		
idle	ˈaidl	a.空闲的；懒散的	2			
ignorant	ˈignərənt	a.不知道的；无知的	1	cogn		
ignore	igˈnɔː	vt.不顾，不理，忽视	1	cogn		
illegal	iˈliːgəl	a.不合法的，非法的	1	leg		
illustrate	ˈiləstreit	vt.(用图等)说明	1	luc		
image	ˈimidʒ	n.像；形象；映象	2			
imagination	iˌmædʒiˈnei∫ən	n.想象(力)；空想	2			
imagine	iˈmædʒin	vt.想象，设想；料想	2			
imitate	ˈimiteit	vt.模仿，仿效；仿制	1			
immediate	iˈmiːdjət	a.立即的；直接的	1	med		
immense	iˈmens	a.巨大的；极好的	1	meter		
immigrant	ˈimigrənt	n.移民 a.移民的	1	migr		
impact	ˈimpækt	n.影响，作用；冲击	1			
implication	ˌimpliˈkei∫ən	n.含义，暗示，暗指	1	plic		
imply	imˈplai	vt.暗示，意指	1	plic		
import	imˈpɔːt	vt.&n.输入，进口	1	port		
impose	imˈpəuz	vt.把…强加；征(税)	1	pon		
impress	imˈpres	vt.给…深刻印象	1			
impression	imˈpre∫ən	n.印；印象；印记	1			
impressive	imˈpresiv	a.给人印象深刻的	2			
incident	ˈinsidənt	n.发生的事；事件	2	cad		
incline	inˈklain	n.斜坡 vt.使倾斜	1	clin		
indefinite	inˈdefinit	a.不明确的；不定的	1	fin		
independent	indiˈpendənt	a.独立的;自主的	2	pend		
index	ˈindeks	n.索引；指数；指标	2	dic		
indicate	ˈindikeit	vt.标示，表示；表明	2	dic		
indifferent	inˈdifərənt	a.冷漠的；不积极的	1	fer		
indignant	inˈdignənt	a.愤慨的，义愤的	1	dign		
indispensable	ˌindisˈpensəbl	a.必不可少的，必需的	1	pend		
individual	ˌindiˈvidjuəl	a.个别的；独特的	2	divid		
industry	ˈindəstri	n.工业，产业；勤劳	2	stru		
inevitable	inˈevitəbl	a.不可避免的，必然的	1			
infect	inˈfekt	vt.传染；感染	2	fac		
infer	inˈfəː	vt.推论，推断；猜想	2	fer		
inferior	inˈfiəriə	a.下等的；劣等的	1			
infinite	ˈinfinit	a.无限的；无数的	1	fin		
influence	ˈinfluəns	n.影响；势力 vt.影响	2	flu		
inform	inˈfɔːm	vt.通知，向…报告	2	form		
inhabit	inˈhæbit	vt.居住于，栖息于	1	hab		
inherit	inˈherit	vt.继承(传统等)	1			
initial	iˈni∫əl	a.最初的；词首的	1	it		
injection	inˈdʒek∫ən	n.注射，注入；充满	1	ject		
injure	ˈindʒə	vt.伤害，损害，损伤	2	jud		
injury	ˈindʒəri	n.损害，伤害；受伤处	2	jud		
innocent	ˈinəsnt	a.清白的，幼稚的	2			
inquire	inˈkwaiə	vt.打听，询问；调查	1	quir		
inquiry	inˈkwaiəri	n.询问，打听；调查	1	quir		
insert	inˈsəːt	vt.插入; 嵌入; 登载	1			
insist	inˈsist	vi.坚持；坚持要求	2	sist		
inspect	inˈspekt	vt.检查，审查；检阅	1	spec		
inspire	inˈspaiə	vt.鼓舞；给…以灵感	1	spir		
install	inˈstɔːl	vt.安装，设置	2			
instance	ˈinstəns	n.例子，实例，事例	1	sist		
instant	ˈinstənt	n.瞬间 a.立即的	2	sist		
instinct	ˈinstiŋkt	n.本能；直觉；生性	1			
institute	ˈinstitjuːt	n.研究所；学院	1	sist		
institution	ˌinstiˈtjuː∫ən	n.协会;制度，习俗	1	sist		
instruct	inˈstrʌkt	vt.教；指示；通知	2	stru		
instrument	ˈinstrumənt	n.仪器;工具；乐器	2	stru		
insult	ˈinsʌlt	vt.&n.侮辱，凌辱	2	sal		
insurance	inˈ∫uərəns	n.保险；保险费	1	cur		
intellectual	ˌintiˈlektjuəl	n.知识分子 a.智力的	1	lect		
intelligence	inˈtelidʒəns	n.智力；理解力；情报	1	lect		
intend	inˈtend	vt.想要，打算；意指	2	tend		
intense	inˈtens	a.强烈的；紧张的	1	tend		
intensity	inˈtensiti	n.强烈，剧烈；强度	1	tend		
intensive	inˈtensiv	a.加强的；精耕细作的	1	tend		
intention	inˈten∫ən	n.意图，意向，目的	2	tend		
interaction	ˌintərˈæk∫ən	n.相互作用；干扰	1	act		
interfere	ˌintəˈfiə	vi.干涉，干预；妨碍	1	fer		
interior	inˈtiəriə	a.内的；内地的 n.内部	1			
intermediate	ˌintəˈmiːdjət	a.中间/级的	1	med		
internal	inˈtəːnl	a.内的；国内的	1			
interpret	inˈtəːprit	vt.解释，说明；口译	1			
interrupt	ˌintəˈrʌpt	vt.打断，打扰；中止	2	rupt		
interval	ˈintəvəl	n.间隔；休息；间距	1			
interview	ˈintəvjuː	n.接见；会见；面谈	2	vid		
intimate	ˈintimit	a.亲密的；个人的	1			
invade	inˈveid	vt.入侵，侵略；侵袭	1	vad		
invent	inˈvent	vt.发明，创造；捏造	2	ven		
invest	inˈvest	vt.投资；投入	2	vest		
investigate	inˈvestigeit	vt.&vi.调查	1			
investigation	inˌvestiˈgei∫ən	n.调查，调查研究	1			
investment	inˈvestmənt	n.投资(额)，投入	1	vest		
invisible	inˈvizəbl	a.看不见的，无形的	1	vid		
invitation	ˌinviˈtei∫ən	n.邀请，招待；请柬	2			
invite	inˈvait	vt.邀请，聘请；招待	2			
involve	inˈvɔlv	vt.使卷入；牵涉	1	volv		
irregular	iˈregjulə	a.不规则的；不整齐的	1	reg		
isolate	ˈaisəleit	vt.使隔离，使孤立	1	sol		
issue	ˈisjuː	n.问题；发行 vt.发行	2			
jealous	ˈdʒeləs	a.妒忌的；猜疑的	2			
joint	dʒɔint	n.接头，接缝；关节	2	junct		
journal	ˈdʒəːnl	n.日报，杂志；日志	1			
journalist	ˈdʒəːnəlist	n.记者，新闻工作者	1			
judge	dʒʌdʒ	n.法官；裁判员	2	jud		
judgement	ˈdʒʌdʒmənt	n.意见；审判；判断	2	jud		
junior	ˈdʒuːnjə	a.年少的 n.晚辈	2			
jury	ˈdʒuəri	n.陪审团；评奖团	1	jud		
justice	ˈdʒʌstis	n.正义，公正；司法	2	jud		
justify	ˈdʒʌstifai	vt.证明…是正当的	1	jud		
keen	kiːn	a.热心的；激烈的	2			
label	ˈleibl	n.标签；标记，符号	2			
laboratory	ˈlæbərətəri	n.实验室，研究室	2	labor		
labour	ˈleibə(r)	n.劳动；工作；劳工	2	labor		
lack	læk	vi.&vi.&n.缺乏，不足	2			
lag	læg	vi.走得慢 n.落后	1			
latter	ˈlætə	a.(两者中)后者的	2			
launch	lɔːnt∫	vt.发射，投射；发动	2			
layout	ˈleiˌaut	n.布局，安排，设计	2			
leadership	ˈliːdə∫ip	n.领导	2			
leading	ˈliːdiŋ	a.指导的；最主要的	2			
leak	liːk	vi.漏；泄露 n.漏洞	2			
leap	liːp	vi.跳，跃 n.跳跃	2			
lecture	ˈlekt∫ə	n.&vi.演讲，讲课	2	lect		
legal	ˈliːgəl	a.法律的；合法的	2	leg		
legend	ˈledʒənd	n.传说，传奇	2	lect		
leisure	ˈliːʒə	n.空闲时间；悠闲	2			
lessen	ˈlesn	vt.减少，减轻；缩小	2			
lest	lest	conj.惟恐，以免	1			
lever	ˈliːvə	n.杆，杠杆；控制杆	2	lev		
liable	ˈlaiəbl	a.易于…的；可能的	1	lig		
liberal	ˈlibərəl	a.心胸宽大的；慷慨的	2	liber		
liberate	ˈlibəreit	vt.解放；释放	2	liber		
liberty	ˈlibəti	n.自由；释放；许可	2	liber		
librarian	laiˈbreəriən	n.图书馆馆长	2			
license	ˈlaisəns	n.许可；执照 vt.准许	2			
limb	lim	n.肢，臂，翼；树枝	2			
limit	ˈlimit	n.限度；限制；范围	2			
limitation	ˌlimiˈtei∫ən	n.限制；限度，局限	2			
limited	ˈlimitid	a.有限的	2			
liquid	ˈlikwid	n.液体 a.液体的	2			
literary	ˈlitərəri	a.文学(上)的	2	liter		
literature	ˈlitərit∫ə	n.文学；文献	2	liter		
load	ləud	vt.装；装满 n.负载	2			
loan	ləun	n.贷款；暂借 vt.借出	2			
local	ˈləukəl	a.地方的；局部的	2	loc		
locate	ləuˈkeit	vt.探明，找出，查出	2	loc		
location	ləuˈkei∫ən	n.位置，场所	2	loc		
lodge	lɔdʒ	vi.暂住，借宿，投宿	1			
logic	ˈlɔdʒik	n.逻辑，推理；逻辑性	2	log		
logical	ˈlɔdʒikəl	a.逻辑的；符合逻辑的	2	log		
loosen	ˈluːsn	vt.解开；使松驰	2			
loss	lɔs	n.遗失；损失；失败	2			
loyal	ˈlɔiəl	a.忠诚的，忠心的	2	leg		
loyalty	ˈlɔiəlti	n.忠诚，忠心	2	leg		
luggage	ˈlʌgidʒ	n.行李；皮箱，皮包	2			
luxury	ˈlʌk∫əri	n.奢侈，奢华；奢侈品	2			
magazine	ˌmægəˈziːn	n.杂志，期刊	2			
magnet	ˈmægnit	n.磁铁，磁石，磁体	2			
magnetic	mægˈnetik	a.磁的，有吸引力的	2			
magnificent	mægˈnifisnt	n.壮丽的；华丽的	1	magn	magn,fac	magn(大)+fac(做),做得巨大→壮丽
mainland	ˈmeinlənd,-lænd	n.大陆	2			
maintain	meinˈtein	vt.维持；赡养；维修	1	tain	man,tain	man(手)+tain(持),用手持住→维持
maintenance	ˈmeintinəns	n.维持，保持；维修	1	tain	man,tain	man(手)+tain(持),持住不放→保持
major	ˈmeidʒə	a.较大的 n.专业	2	magn		
majority	məˈdʒɔriti	n.多数，大多数	2	magn		
manage	ˈmænidʒ	vt.管理；设法；对付	2	man		
management	ˈmænidʒmənt	n.管理；经营，处理	2	man		
mankind	mænˈkaind	n.人类	2			
manner	ˈmænə	n.方式；态度；礼貌	2	man		
manual	ˈmænjuəl	a.体力的 n.手册	1	man		
manufacture	ˌmænjuˈfækt∫ə	vt.制造 n.制造；产品	2	man	man,fac	man(手)+fac(做),用手做出→制造
manufacturer	ˌmænjuˈfækt∫ərə	n.制造商/厂	2	man	man,fac	man(手)+fac(做),制作的人
margin	ˈmɑːdʒin	n.页边的空白；边缘	1			
marine	məˈriːn	a.海的；海上的	1	mar		
marriage	ˈmæridʒ	n.结婚，婚姻；婚礼	2			
marvelous	ˈmɑːvəl	a.奇迹般的；了不起的	2	mir		
mask	mɑːsk	n.面具；伪装 vt.掩饰	2			
mass	mæs	n.众多；团；群众	2			
masterpiece	ˈmɑːstəpiːs	n.杰作，名著	1			
material	məˈtiəriəl	n.材料；素材 a.物质的	2			
mature	məˈtjuə	a.成熟的 vt.使成熟	1			
maximum	ˈmæksiməm	n.最大量 a.最大的	1	magn		
mayor	meə	n.市长	2	magn		
meadow	ˈmedəu	n.草地，牧草地	1			
measure	ˈmeʒə	vt.量，测量 n.分量	2	mens		
measurement	ˈmeʒəmənt	n.衡量,测量；尺寸	2	mens		
mechanic	miˈkænik	n.技工，机械，机修工	1			
mechanical	miˈkænikl	a.机械的；力学的	2			
medal	ˈmedl	n.奖章，勋章，纪念章	1			
medical	ˈmedikəl	a.医学的；内科的	2			
medicine	ˈmedisn	n.内服药；医学	2			
Mediterranean	meditəˈreiniən	n.地中海 a.地中海的	1	med	med,terr	med(中)+terr(土地),陆地中间的海
medium	ˈmiːdjəm	n.媒质；中间 a.中等的	1	med		
melt	melt	vi.融化 vt.使融化	2			
memorial	miˈmɔːriəl	a.纪念的；记忆的	1	memor		
memory	ˈmeməri	n.记忆；回忆；存储	2	memor		
mend	mend	vt.修理，修补，缝补	2			
mental	ˈmentl	a.智力的；精神的	2	ment		
mention	ˈmen∫ən	vt.&n.提及，说起	2	ment		
merchant	ˈməːt∫ənt	n.商人；零售商	1	merc		
mercy	ˈməːsi	n.仁慈，慈悲，恩惠	1			
mere	miə	a.仅仅的；纯粹的	1			
merit	ˈmerit	n.长处，优点；功过	1			
mess	mes	n.混乱，混杂，肮脏	2			
message	ˈmesidʒ	n.信息，消息；启示	2	mit		
messenger	ˈmesindʒə	n.送信者，信使	1	mit		
metal	ˈmetl	n.金属，金属制品	2			
meter	ˈmiːtə	n.计量器，计，表	1	meter		
metre	ˈmiːtə	n.米，公尺	1	meter		
metric	ˈmetrik	a.公制的，米制的	1	meter		
microcomputer	ˈmaikrəukəmpjuːtə(r)	n.微型计算机，微机	1	micro		
microphone	ˈmaikrəfəun	n.话筒，麦克风	1	micro	micro,phon	micro(小)+phon(声音),放大微小声音
microscope	ˈmaikrəskəup	n.显微镜	1	micro	micro,scop	micro(小)+scop(看),看微小之物
midst	ˈmidst	n.中部，中间，当中	1			
mild	maild	a.和缓的；温柔的	2			
military	ˈmilitəri	a.军事的；军人的	1	milit		
millimetre	ˈmiliˌmiːtə(r)	n.毫米	1	meter		
mineral	ˈminərəl	n.矿物 a.矿物的	1			
minimum	ˈminiməm	n.最小量 a.最小的	1	min		
minister	ˈministə	n.部长，大臣；公使	1	min		
minor	ˈmainə	a.较小的；较次要的	1	min		
minority	maiˈnɔriti	n.少数；少数民族	1	min		
minus	ˈmainəs	a.负的 prep.减(去)	1	min		
miracle	ˈmirəkl	n.奇迹，令人惊奇的人	1	mir		
mirror	ˈmirə	n.镜子 vt.反映，反射	2	mir		
miserable	ˈmizərəbl	a.痛苦的，悲惨的	1			
mislead	misˈliːd	vt.使误入岐途	1			
missile	ˈmisail	n.发射物；导弹	1	mit		
mission	ˈmi∫ən	n.使命，任务；使团	2	mit		
misunderstand	ˈmisʌndəˈstænd	vt.误解/会,曲解	2			
mixture	ˈmikst∫ə	n.混合；混合物	1			
mobile	ˈməubail	a.运动的；流动的	1	mob		
mode	məud	n.方式，样式	2	mod		
model	ˈmɔdl	n.模型；模式；模特儿	2	mod		
moderate	ˈmɔdərit	a.温和的；有节制的	1	mod		
modern	ˈmɔdən	a.现代的，近代的	2	mod		
modest	ˈmɔdist	a.有节制的；谦虚的	1	mod		
modify	ˈmɔdifai	vt.更改，修改；修饰	1	mod		
moist	mɔist	a.湿润的；多雨的	1			
moisture	ˈmɔist∫ə	n.潮湿，湿气；温度	1			
molecule	ˈmɔlikjuːl	n.分子，克分子	1			
moment	ˈməumənt	n.片刻，瞬间，时刻	2	mob		
monitor	ˈmɔnitə	n.班长；监视器	1	mon		
monument	ˈmɔnjumənt	n.纪念碑；纪念馆	1	mon		
mood	muːd	n.心情，情绪；语气	2			
moral	ˈmɔrəl	a.道德的；合乎道德的	1			
moreover	mɔːˈrəuvə	ad.再者，加之，此外	2			
mortal	ˈmɔːtl	a.终有一死的；致死的	1	mor		
mostly	ˈməustli	ad.主要的，大部分	2			
motion	ˈməu∫ən	n.运动；手势；提议	1	mob		
motivate	ˈməutiveit	vt.促动；激励，激发	1	mob		
motive	ˈməutiv	n.动机，目的	1	mob		
motor	ˈməutə	n.发动机；机动车	2	mob		
mount	maunt	vt.登上，爬上 n.…山	1			
mourn	mɔːn	vi.哀痛，哀悼	1			
movement	ˈmuːvmənt	n.动作,活动;移动	2	mob		
multiple	ˈmʌltipl	a.复合的；并联的	1	plic		
multiply	ˈmʌltipli	vt.使增加；乘	1	plic		
murder	ˈməːdə	n.&vi.谋杀，凶杀	2			
muscle	ˈmʌsl	n.肌肉，肌；体力	1			
mute	mjuːt	a.缄默的 n.哑巴	1			
mutual	ˈmjuːtjuəl	a.相互的；共同的	1	mut		
mysterious	misˈtiəriəs	a.神秘的；难以理解的	1			
mystery	ˈmistəri	n.神秘；神秘的事物	1			
naked	ˈneikid	a.裸体的；无遮敝的	2			
namely	ˈneimli	ad.即，也就是	2			
nationality	ˌnæ∫əˈnæliti	n.国籍；民族，族	2	nat		
native	ˈneitiv	a.本土的 n.本地人	2	nat		
naval	ˈneivəl	n.海军的，军舰的	1	nav		
navigation	ˌnæviˈgei∫ən	n.航行;航海术;导航	1	nav		
necessity	niˈsesiti	n.必要性；必然性	1	ced		
negative	ˈnegətiv	a.否定的；消极的	1	neg		
neglect	niˈglekt	vt.忽视，忽略；疏忽	1	lect		
neighbourhood	ˈneibəhud	n.邻居关系；邻近	2			
nerve	nəːv	n.神经；勇敢，胆量	1	neur		
nervous	ˈnəːvəs	a.神经的；易激动的	2	neur		
network	ˈnetwəːk	n.网状物；网络	2			
neutral	ˈnjuːtrəl	a.中立的；中性的	1			
nevertheless	ˌnevəðəˈles	conj.然而 ad.仍然	2			
noble	ˈnəub(ə)l	a.贵族的；高尚的	2			
nonsense	ˈnɔnsəns	n.胡说，废话	2			
normal	ˈnɔːməl	a.正常的，普通的	2	norm		
note	nəut	n.笔记；便条；注释	2			
notice	ˈnəutis	vt.注意 n.通知；注意	2			
noun	naun	n.名词	2	nom		
novel	ˈnɔvəl	n.小说 a.新的	2	nov		
nowadays	ˈnauədeiz	ad.现今，现在	2			
nuclear	ˈnjuːkliə	a.原子核的；核心的	1			
nucleus	ˈnjuːkliəs	n.核，核心；(原子)核	1			
nuisance	ˈnjuːsns	n.讨厌的东西	1			
number	ˈnʌmbə	n.数，数字；号码	2	numer		
numerous	ˈnjuːmərəs	a.为数众多的；许多	1	numer		
nurse	nəːs	n.保姆；护士 vt.看护	2	nutri		
nursery	ˈnəːsəri	n.托儿所；苗圃	2	nutri		
obey	əuˈbei	vt.顺从 vi.服从	1	aud		
object	ˈɔbdʒikt	n.物，物体；目的	2	ject		
objection	əbˈdʒek∫ən	n.反对,异议;不喜欢	1	ject		
objective	əbˈdʒektiv	a.客观的；无偏见的	1	ject		
oblige	əˈblaidʒ	vt.迫使；施恩惠于	1	lig		
observation	ˌəbzəːˈvei∫ən	n.注意；观察(力)	1	serv		
observe	əbˈzəːv	vt.遵守；看到；说	2	serv		
obstacle	ˈɔbstəkl	n.障碍，障碍物，妨害	1	sist		
obtain	əbˈtein	vt.获得，得到，买到	1	tain		
obvious	ˈɔbviəs	a.明显的，显而易见的	1	vi		
occasion	əˈkeiʒən	n.场合，时刻；时机	1	cad		
occasional	əˈkeiʒənəl	a.偶然的；临时的	1	cad		
occupation	ˌɔkjuˈpei∫ən	n.占领/据；职业	2	cap		
occupy	ˈɔkjupai	vt.占领；占，占有	2	cap		
occur	əˈkəː	vi.发生；出现，存在	1	cur		
occurrence	əˈkʌrəns	n.发生，出现；事件	1	cur		
odd	ɔd	a.奇数的；单只的	2			
odour	ˈəudə	n.气味，香气；味道	1			
offend	əˈfend	vt.冒犯 vi.犯过错	1	fend		
offer	ˈɔfə	vt.提供；提出 n.提供	2	fer		
office	ˈɔfis	n.办公室；处，局，社	2	fac		
officer	ˈɔfisə	n.官员；干事；军官	2	fac		
official	əˈfi∫əl	a.官员的；官方的	2	fac		
omit	əuˈmit	vt.省略，省去；遗漏	1	mit		
opera	ˈɔpərə	n.歌剧	1	oper		
operate	ˈɔpəreit	vi.操作；施行手术	2	oper		
operation	ˌɔpəˈrei∫ən	n.操作；手术；运算	2	oper		
operational	ˌɔpəˈrei∫ənl	a.操作上的；可使用的	1	oper		
opinion	əˈpinjən	n.意见，看法，主张	2	opt		
opponent	əˈpəunənt	n.对手,敌手;对抗者	1	pon		
opportunity	ˌɔpəˈtjuːniti	n.机会，良机	2	port		
oppose	əˈpəuz	vt.反对；反抗	2	pon		
opposite	ˈɔpəzit	a.对面的 n.对立物	2	pon		
oppress	əˈpres	vt.压迫，压制；压抑	1			
optical	ˈɔptikəl	a.眼的；光学的	1	opt		
optimistic	ˌɔptiˈmistik	a.乐观/乐观主义的	1	opt		
option	ˈɔp∫ən	n.选择，选择权	1	opt		
optional	ˈɔp∫ənəl	a.可以任意选择的	1	opt		
oral	ˈɔːrəl	a.口头的；口的	1	ora		
orbit	ˈɔːbit	n.运行轨道 vt.环绕	2			
orchestra	ˈɔːkistrə	n.管弦乐队	1			
ordinary	ˈɔːdinəri	a.平常的；平凡的	2	ord		
organ	ˈɔːgən	n.器官；机构；管风琴	2			
organic	ɔːˈgænik	a.有机体的；器官的	2			
organization	ˌɔːgənaiˈzei∫ən	n.组织;团体,机构	2			
organize	ˈɔːgənaiz	vt.组织，编组	2			
origin	ˈɔridʒin	n.起源，由来；出身	2	ori		
original	əˈridʒənəl	a.最初的；新颖的	2	ori		
ought	ɔːt	v.aux.应当，应该	2			
outlet	ˈautlet	n.出口，出路；排遣	1			
outline	ˈautlain	n.轮廓；略图；大纲	2			
outlook	ˈautluk	n.观点，看法；展望	2			
output	ˈautput	n.产量；输出量；输出	2			
outset	ˈautset	n.开始，开端	1			
outstanding	autˈstændiŋ	a.突出的，杰出的	2			
outwards	ˈautwədz	ad.向外，往海外	2			
overall	ˈəuvərɔːl	n.工装裤 a.全面的	2			
overcome	ˌəuvəˈkʌm	vt.战胜，克服	2			
overhead	ˈəuvəhed	a.在头顶上的；架空的	1			
overlook	ˌəuvəˈluk	vt.眺望；看漏；放任	1			
overnight	ˈəuvəˈnait	ad.一夜；突然	1			
overseas	ˈəuvəˈsiːz	ad.海外 a.在海外的	1			
overtake	ˈəuvəˈteik	vt.追上，赶上；压倒	1			
owe	əu	vt.欠；应把…归功于	2			
ownership	ˈəunə∫ip	n.所有(权)，所有制	1			
pace	peis	n.步，步速 vi.踱步	2			
pacific	pəˈsifik	a.和平的 n.太平洋	1	pac		
pain	pein	n.痛，疼痛；辛苦	2			
panel	ˈpænl	n.专门小组；面，板	1			
paradise	ˈpærədaiz	n.伊甸乐园；天堂	1			
paragraph	ˈpærəgrɑːf	n.(文章的)段，节	2	graph		
parallel	ˈpærəlel	a.平行的；相同的	2	par	par,alter	par(并列)+alter(其他)，彼此并列相似
parcel	ˈpɑːsl	n.包裹，小包，邮包	1	part		
pardon	ˈpɑːdn	n.原谅；赦免 vt.原谅	1	don		
parent	ˈpeərənt	n.父亲，母亲，双亲	2	par		
parliament	ˈpɑːləmənt	n.议会，国会	1	par		
partial	ˈpɑː∫əl	a.部分的；不公平的	2	part		
participate	pɑːˈtisipeit	vi.参与/加；分享	1	cap	part,cap	part(部分)+cip(拿)，拿一份即参与
particle	ˈpɑːtikl	n.粒子，微粒	1	part		
particular	pəˈtikjulə	a.特殊的；特定的	2	part		
particularly	pəˈtikjuləli	ad.特别,尤其,格外	2	part		
partner	ˈpɑːtnə	n.伙伴；搭挡；配偶	2	part		
party	ˈpɑːti	n.党，党派；聚会	2	part		
passage	ˈpæsidʒ	n.通过；通路，通道	2			
passenger	ˈpæsindʒə	n.乘客,旅客,过路人	1			
passion	ˈpæ∫ən	n.激情，热情；爱好	2	pass		
passive	ˈpæsiv	a.被动的；消极的	1	pass		
pastime	ˈpɑːstaim	n.消遣，娱乐	1			
patch	pæt∫	n.补钉；碎片 vt.补缀	1			
patience	ˈpei∫əns	n.忍耐，容忍，耐心	1	pass		
patient	ˈpei∫ənt	a.忍耐的 n.病人	2	pass		
pattern	ˈpætən	n.型，式样，模，模型	2	pater		
pause	pɔːz	n.&vi.中止，暂停	2			
pave	peiv	vt.铺，筑(路等)	1			
peace	piːs	n.和平；和睦；平静	2	pac		
peak	piːk	n.山顶，巅 a.最高的	2			
peasant	ˈpezənt	n.农民	1			
pebble	ˈpebl	n.卵石，细砾	1			
peculiar	piˈkjuːljə	a.特有的；特别的	1			
peel	piːl	vt.剥(皮)，削(皮)	2			
penetrate	ˈpenitreit	vt.穿过 vi.穿入	1	pen		
peninsula	piˈninsjulə	n.半岛	1	pen		
pension	ˈpen∫ən	n.抚恤金，年金	1	pend		
perceive	pəˈsiːv	vt.察觉，发觉；理解	1	cap		
percent	pəˈsent	n.百分之…	2	cent		
percentage	pəˈsentidʒ	n.百分比，百分率	2	cent		
perfect	ˈpəːfikt	a.完美的；完全的	2	fac		
perform	pəˈfɔːm	vt.履行，执行；演出	2	form		
performance	pəˈfɔːməns	n.履行；演出；行为	2	form		
period	ˈpiəriəd	n.时期；学时；句号	2			
permanent	ˈpəːmənənt	a.永久的，持久的	2			
permission	pə(ː)ˈmi∫ən	n.允许，许可，同意	2	mit		
permit	pə(ː)ˈmit	vt.允许 n.执照	2	mit		
persist	pə(ː)ˈsist	vi.坚持，固执；持续	2	sist		
personal	ˈpəːsənl	a.个人的；本人的	2			
personnel	ˌpəːsəˈnel	n.全体人员，全体职员	1			
perspective	pəˈspektiv	n.透视;远景;观点	1	spec		
persuade	pəˈsweid	vt.说服 vi.被说服	2			
pessimistic	ˌpesiˈmistik	a.悲观的；厌世的	1			
phase	feiz	n.阶段；方面；相位	2			
phenomenon	fiˈnɔminən	n.现象	1			
philosophy	fiˈlɔsəfi	n.哲学；哲理；人生观	1	phil	phil,soph	phil(爱)+soph(智慧)
phone	fəun	n.电话，电话机；耳机	2	phon		
photograph	ˈfəutəgrɑːf;(US)-græf	n.照/相片	2	photo	photo,graph	photo(光)+graph(写)，用光写下的图
phrase	freiz	n.短语；习惯用语	2			
physical	ˈfizikəl	a.物质的；物理的	2			
physician	fiˈzi∫ən	n.医生，内科医生	1			
physics	ˈfiziks	n.物理学	2			
pierce	piəs	vt.剌穿 vi.穿入	2			
pile	pail	n.堆 vt.堆叠，累积	2			
pillar	ˈpilə	n.柱，柱子；栋梁	2			
pilot	ˈpailət	n.领航员；飞行员	2			
pioneer	ˌpaiəˈniə	n.拓荒者；先驱者	2			
pitch	pit∫	n.沥青	2			
pity	ˈpiti	n.怜悯；遗憾 vt.同情	2			
plain	plein	n.平原 a.清楚的	2			
plane	plein	n.平面；飞机	2			
planet	ˈplænit	n.行星	2			
plastic	plɑːstik	a.可塑的 n.塑料	2			
plate	pleit	n.板，片，盘 vt.电镀	2			
platform	ˈplætfɔːm	n.平台；站台；讲台	2	form		
pleasant	ˈplezənt	a.令人愉快的，舒适的	2	plac		
pleasure	ˈpleʒə	n.愉快，快乐；乐事	2	plac		
plenty	ˈplenti	n.丰富，充足，大量	2	ple		
plot	plɔt	n.小块土地 vt.密谋	2			
plug	plʌg	n.塞子；插头 vt.塞	2			
plunge	plʌndʒ	vt.使投入；使陷入	1			
poem	ˈpəuim	n.诗，韵文，诗体文	2			
poet	ˈpəuit	n.诗人	2			
poetry	ˈpəuitri	n.诗，诗歌，诗作	2			
poison	ˈpɔizn	n.毒，毒药 vt.毒害	2			
pole	pəul	n.杆，柱	2			
police	pəˈliːs	n.警察；警察当局	2	polit		
policy	ˈpɔlisi	n.政策，方针	2	polit		
polish	ˈpɔli∫	vt.磨光；使优美	2			
polite	pəˈlait	a.有礼貌的；有教养的	2			
political	pəˈlitikəl	a.政治的，政治上的	2	polit		
politician	pɔliˈti∫ən	n.政治家；政客	1	polit		
politics	ˈpɔlitiks	n.政治，政治学；政纲	2	polit		
pollute	pəˈluːt	vt.弄脏，污染，沾污	2			
pollution	pəˈluː∫(ə)n	n.污染	2			
popular	ˈpɔpjulə(r)	a.民众的；流行的	2	popul		
population	ˌpɔpjuˈlei∫ən	n.人口；全体居民	2	popul		
port	pɔːt	n.港，港口	2			
portable	ˈpɔːtəbl	a.轻便的；手提的	2	port		
portion	ˈpɔː∫ən	n.一部分；一分	1	part		
portrait	ˈpɔːtrit	n.消像，画像	2	tract		
position	pəˈzi∫ən	n.位置；职位；姿势	2	pon		
positive	ˈpɔzətiv	a.确定的；积极的	2	pon		
possess	pəˈzes	vt.占用，拥有(财产)	2	pot	pot,sed	pot(能力)+sed(坐)，能坐在财物上就是占有
possible	ˈpɔsəbl	a.可能的；可能存在的	2	pot		
postpone	pəustˈpəun	vt.延迟，推迟，延缓	1	pon		
potential	pəˈten∫(ə)l	a.潜在的 n.潜力	1	pot		
pour	pɔː(r)	vt.灌，倒 vi.倾泻	2			
poverty	ˈpɔvəti	n.贫穷，贫困	1			
power	ˈpauə	n.能力；力；权；幂	2	pot		
practical	ˈpræktikəl	a.实践的；实用的	2			
practice	ˈpræktis	n.实践；练习；业务	2			
precaution	priˈkɔː∫ən	n.预防；警惕	1			
preceding	pri(ː)ˈsiːdiŋ	a.在前的；在先的	1	ced		
precious	ˈpre∫əs	a.珍贵的，宝贵的	2			
precise	priˈsais	a.精确的，准确的	1	cid		
predict	priˈdikt	v.预言，预告，预测	1	dic		
prefer	priˈfəː	vt.宁可，宁愿	2	fer		
preference	ˈprefərəns	n.偏爱，优先(权)	2	fer		
prejudice	ˈpredʒudis	n.偏见，成见	1	jud		
preliminary	priˈliminəri	a.预备的，初步的	1			
prepare	priˈpeə	vt.&vi.准备，预备	2	par		
prescribe	prisˈkraib	vt.命令；处(方)	1	scrib		
presence	ˈprezns	n.出席，到场；在	1			
present	priˈzent	a.现在的 n.目前	2			
preserve	priˈzəːv	vt.保护；保存；腌渍	1	serv		
president	ˈprezidənt	n.总统；校长；会长	1	sed		
press	pres	vt.压，按，揿；催促	2			
pressure	ˈpre∫ə(r)	n.压力；压力；压，按	2			
pretend	priˈtend	vt.假托，借口 vi.假装	1	tend		
prevail	priˈveil	vi.胜，优胜；流行	1	val		
prevent	priˈvent	vt.预防，防止；阻止	2	ven		
previous	ˈpriːviəs	a.先的；前的 ad.在前	2	vi		
primary	ˈpraiməri	a.最初的；基本的	2	prim		
prime	praim	a.首要的 n.春，青春	2	prim		
primitive	ˈprimitiv	a.原始的；粗糙的	1	prim		
principal	ˈprinsip(ə)l	a.主要的 n.负责人	1	prim		
principle	ˈprinsəpl	n.原则，原理；主义	2	prim		
print	print	vt.印刷 n.印刷；正片	2			
prior	ˈpraiə	a.在先的；优先的	1			
prison	ˈprizn	n.监狱，监禁	2	prehend		
private	ˈpraivit	a.私人的；私下的	1	priv		
privilege	ˈprivilidʒ	n.特权，优惠	1	priv		
probable	ˈprɔbəbl	a.或有的；大概的	2	prob		
procedure	prəˈsiːdʒə	n.程序；手续；过程	1	ced		
proceed	prəˈsiːd	vi.进行；继续进行	1	ced		
process	prəˈses	n.过程；工序 vt.加工	2	ced		
proclaim	prəˈkleim	vt.宣告，宣布；表明	1	claim		
produce	prəˈdjuːs	vt.生产；产生；展现	2	duc		
product	ˈprɔdəkt	n.产品，产物；(乘)积	2	duc		
productive	prəˈdʌktiv	a.生产的；丰饶的	1	duc		
profession	prəˈfe∫ən	n.职业	1			
professional	prəˈfe∫ənl	a.职业的 n.专业人员	2			
profit	ˈprɔfit	n.益处；利润 vi.得益	2	fac		
program	ˈprəugræm	n.节目单；大纲；程序	2	graph		
progress	ˈprəugres	n.前进，进展；进步	2	grad		
prohibit	prəˈhibit	vt.禁止，阻止	1	hab		
project	ˈprɔdʒekt	n.方案，工程 vi.伸出	2	ject		
prominent	ˈprɔminənt	a.实起的；突出的	1			
promise	ˈprɔmis	n.诺言；指望 vt.允诺	2	mit		
promote	prəˈməut	vt.促进，发扬；提升	1	mob		
prompt	prɔmpt	a.及时的 vt.敦促	1			
pronounce	prəˈnauns	vt.发…的音；宣布	2	nounc		
proof	pruːf	n.证据；证明；校样	2	prob		
proper	ˈprɔpə	a.适合的；合乎体统的	2	propri		
property	ˈprɔpəti	n.财产，资产；性质	2	propri		
proportion	prəˈpɔː∫ən	n.比，比率，部分	1	part		
propose	prəˈpəuz	vt.提议 vi.求婚	2	pon		
prospect	ˈprɔspekt	n.展望；前景，前程	2	spec		
prosperity	prɔsˈperiti	n.繁荣；昌盛，兴旺	1	sper		
protect	prəˈtekt	vt.保护，保卫，警戒	2	tect		
protein	ˈprəutiːn	n.蛋白质，朊	1	proto		
protest	prəˈtest	vt.&vi.&n.抗议	2	test		
prove	pruːv	vt.证明 vi.结果是	2	prob		
provide	prəˈvaid	vt.提供；装备，供给	2	vid		
province	ˈprɔvins	n.省；领域，部门	1			
provision	prəˈviʒən	n.供应；预备；存粮	1	vid		
psychological	ˌsaikəˈlɔdʒikəl	a.心理(学)的	1	psych	psych,log	psych(心理)+log(学科)
public	ˈpʌblik	a.公众的 n.公众	2	popul		
publish	ˈpʌbli∫	vt.公布；发表；出版	2	popul		
pulse	pʌls	n.脉搏；脉冲，脉动	2	pel		
punch	pʌnt∫	vt.冲出 n.冲压机	2	punct		
punctual	ˈpʌŋktjuəl	a.严守时刻的；准时的	1	punct		
punish	ˈpʌni∫	vt.罚，惩罚，处罚	2	pen		
punishment	ˈpʌni∫mənt	n.罚，惩罚，处罚	2	pen		
purify	ˈpjuərifai	vt.使纯净，使洁净	1	pur		
purity	ˈpjuəriti	n.纯净；纯洁；纯度	1	pur		
purpose	ˈpəːpəs	n.目的；意图；效果	2	pon		
pursue	pəˈsjuː	vt.追赶，追踪；进行	1	sequ		
pursuit	pəˈsjuːt	n.追赶；追求；事务	1	sequ		
qualify	ˈkwɔlifai	vt.使具有资格	1			
quality	ˈkwɔliti	n.质量；品质，特性	2			
quantity	ˈkwɔntiti	n.量，数量，分量	2			
quarrel	ˈkwɔrəl	n.争吵，吵架，口角	2			
queue	kjuː	n.行列 vi.排队等候	1			
quicken	ˈkwikən	vt.加快 vi.加快	2			
quilt	kwilt	n.被(子)	2			
quit	kwit	vt.离开，退出；停止	2			
quiz	kwiz	n.小型考试，测验	2			
quotation	kwəuˈtei∫ən	n.引用；引文；报价单	1	cit		
quote	kwəut	vt.引用，引证；报价	2	cit		
radiate	ˈreidieit	vi.发射光线；辐射	1	radi		
radiation	ˌreidiˈei∫ən	n.放/发射；辐射能	1	radi		
radioactive	ˈreidiəuˈæktiv	a.放射性的	1	act		
radioactivity	ˈreidiəuækˈtiviti	n.放射性，放射(现象)	1	act		
radius	ˈreidjəs	n.半径	1	radi		
rage	reidʒ	n.(一阵)狂怒，盛怒	1			
railway	ˈreilwei	n.铁路，铁道	2			
raise	reiz	vt.举起；引起；提高	2			
range	reindʒ	n.排，行；山脉；范围	2			
rank	ræŋk	n.排，横行；社会阶层	2			
rapid	ˈræpid	a.快的 n.急流	2			
rate	reit	n.比率；速度；价格	2			
ratio	ˈrei∫iəu	n.比，比率	1	rat		
rational	ˈræ∫ənl	a.理性的；出于理性的	1	rat		
react	riˈækt	vi.起反应；有影响	2	act		
reaction	ri(ː)ˈæk∫ən	n.反应；反作用	2	act		
reality	ri(ː)ˈæliti	n.现实；真实	2			
realize	ˈriəlaiz	vt.实现；认识到	2			
reasonable	ˈriːznəbl	a.合情合理的；公道的	2			
rebel	ˈrebəl	vi.造反 n.造反者	1			
rebellion	riˈbeljən	n.造反；叛乱；反抗	1			
recall	riˈkɔːl	vt.回想；叫回；收回	2			
receipt	riˈsiːt	n.收到；收条，收据	1	cap		
receive	riˈsiːv	vt.收到；得到；接待	2	cap		
receiver	riˈsiːvə	n.收受者，收件人	2	cap		
reception	riˈsep∫ən	a.接待；招待会；接受	1	cap		
recite	riˈsait	vt.&vi.背诵，朗诵	1	cit		
recognition	ˌrekəgˈni∫ən	n.认出，识别；承认	1	cogn		
recognize	ˈrekəgnaiz	vt.认识，认出；承认	2	cogn		
recollect	ˌrekəˈlekt	vt.回忆，追忆，想起	1	lect		
recommend	rekəˈmend	vt.推荐，介绍；劝告	2			
record	ˈrekərd	n.记录；履历 vt.记录	2			
recover	riˈkʌvə	vt.重新获得；挽回	2			
recovery	riˈkʌvəri	n.重获；痊愈，恢复	1			
reduce	riˈdjuːs	vt.减少，减小；简化	2	duc		
reduction	riˈdʌk∫ən	n.减少，减小，缩减	1	duc		
refer	riˈfəː	vt.使求助于 vi.谈到	2	fer		
reference	ˈrefrəns	n.参考；出处；提及	1	fer		
refine	riˈfain	vt.&vi.精炼，提纯	1	fin		
reflect	riˈflekt	vt.反射；反映；思考	2	flect		
reflection	riˈflek∫ən	n.反射；映象；反映	1	flect		
reform	riˈfɔːm	vt.&n.改革，改良	1	form		
refresh	riˈfre∫	vt.使清新 vi.恢复精神	1			
refrigerator	riˈfridʒəreitə	n.冰箱，冷藏库	2			
refuge	ˈrefjuːdʒ	n.避难，庇护；庇护者	1	fug		
refusal	riˈfjuːzəl	n.拒绝	1	fus		
refuse	riˈfjuːz	vt.拒绝 vt.拒绝	2	fus		
refute	riˈfjuːt	vt.驳斥，反驳，驳倒	1			
regard	riˈgɑːd	vt.把…看作；尊敬	2			
region	ˈriːdʒən	n.地区，地带；领域	2	reg		
register	ˈredʒistə	n.&vt.登记，注册	1	reg		
regret	riˈgret	vt.懊悔；抱歉 n.懊悔	2			
regular	ˈregjulə	a.规则的；整齐的	2	reg		
regulate	ˈregjuleit	vt.管理，控制；调整	1	reg		
regulation	regjuˈlei∫ən	n.规则/章；管理	1	reg		
reign	rein	n.君主统治；支配	1	reg		
reinforce	ˌriːinˈfɔːs	vt.增援，支援；加强	1	fort		
reject	riˈdʒekt	vt.拒绝；丢掉；驳回	2	ject		
relate	riˈleit	vt.叙述；使联系	2	lat		
relation	riˈlei∫ən	n.关系，联系；家属	2	lat		
relationship	riˈlei∫ən∫ip	n.关系，联系	2	lat		
relative	ˈrelətiv	a.有关系的；相对的	2	lat		
relax	riˈlæks	vt.使松弛 vi.松弛	2			
release	riˈliːs	vt.释放；放松；发表	2			
relevant	ˈrelivənt	a.有关的，贴切的	1	lev		
reliable	riˈlaiəbl	a.可靠的，可信赖的	1			
relief	riˈliːf	n.减轻；救济；援救	1	lev		
relieve	riˈliːv	vt.减轻，解除；救济	1	lev		
religion	riˈlidʒən	n.宗教；宗教信仰	2	lig		
reluctant	riˈlʌktənt	a.不愿的，勉强的	1			
rely	riˈlai	vi.依赖，依靠；信赖	2			
remain	riˈmein	vi.剩下，余留；保持	2			
remark	riˈmɑːk	vt.&vi.&n.评论，谈论	1			
remarkable	riˈmɑːkəbl	a.异常的，非凡的	1			
remedy	ˈremidi	n.&vt.治疗；补救	1			
remember	riˈmembə	vt.记得，想起；记住	2	memor		
remind	riˈmaind	vt.提醒，使想起	2	memor		
remote	riˈməut	a.相隔很远的；冷淡的	1	mob		
remove	riˈmuːv	vt.移动，搬开；脱掉	2	mob		
repair	riˈpeə	vt.&n.修理，修补	2	par		
repeat	riˈpiːt	vt.重说，重做 n.重复	2	pet		
repetition	ˌrepiˈti∫ən	n.重复，反复	1	pet		
replace	ri(ː)ˈpleis	vt.把…放回；取代	2	plac		
reply	riˈplai	vi.&n.回答，答复	2	plic		
report	riˈpɔːt	vt.&vi.报告；汇报	2	port		
reporter	riˈpɔːtə	n.记者，通讯员	2	port		
represent	ˌriːpriˈzent	vt.描绘；代表；象征	2			
representative	ˌrepriˈzentətiv	a.代表性的 n.代表	1			
reproduce	ˌriːprəˈdjuːs	vt.&vi.繁殖，生殖	1	duc		
republic	riˈpʌblik	n.共和国，共和政体	1	popul		
reputation	ˌrepju(ː)ˈtei∫ən	n.名誉/声；好名声	1			
request	riˈkwest	n.&v.请求，要求	2	quir		
require	riˈkwaiə	vt.需要；要求，命令	2	quir		
rescue	ˈreskjuː	vt.&n.援救，营救	2			
research	riˈsəːt∫	n.&vi.调查，探究	2			
resemble	riˈzembl	vt.像，类似	1	sembl		
reserve	riˈzəːv	vt.储备，保留；预定	1	serv		
reservoir	ˈrezəvwɑː(r)	n.水库；蓄水池	1	serv		
residence	ˈrezidəns	n.居住；驻扎；住处	1	sed		
resident	ˈrezidənt	a.居住的 n.居民	1	sed		
resign	riˈzain	vt.放弃 vi.辞职	1	sign		
resist	riˈzist	vt.&vi.抵抗，抵制	1	sist		
resistance	riˈzistəns	n.抵抗/制；抵抗力	1	sist		
resolution	ˌrezəˈljuː∫ən	n.坚决/定；决定	1	solv		
resolve	riˈzɔlv	vt.解决；决心 n.决心	1	solv		
resort	riˈzɔːt	vi.&n.求助，凭借	1			
resource	riˈsɔːs	n.资源，物力；办法	1			
respect	risˈpekt	n.&vt.尊敬，尊重	2	spec		
respectful	risˈpektful	a.恭敬的，尊重的	1	spec		
respective	risˈpektiv	ad. 各自的，各个的	1	spec		
respectively	riˈspektivli	ad.各自/分别地	1	spec		
respond	risˈpɔnd	vi.作答；响应	1			
response	risˈpɔns	n.作答，回答；响应	2			
responsibility	risˌpɔnsəˈbiliti	n.责任(心)；职责	1			
responsible	risˈpɔnsəbl	a.有责任的；尽责的	2			
restaurant	ˈrestərənt	n.餐馆，饭店，菜馆	2			
restore	risˈtɔː	vt.恢复；归还；修补	1	sta		
restrain	risˈtrein	vt.抑制，遏制；限制	1	string		
restrict	risˈtrikt	vt 限制，限定，约束	1	string		
restriction	risˈtrik∫ən	n.限制，限定，约束	1	string		
result	riˈzʌlt	n.成果 vi.发生，结果	2	sal		
resume	riˈzjuːm	vt.恢复；重新开始	1	sum		
retain	riˈtein	vt.保持，保留，保有	1	tain		
retire	riˈtaiə	vi.退下；引退；就寝	2			
retreat	riˈtriːt	vi.(被迫)退却，后退	1	tract		
return	riˈtəːn	vi.&n.回来，返回	2			
reveal	riˈviːl	vt.展现；揭示，揭露	1			
reverse	riˈvəːs	vt.颠倒，翻转 n.背面	1	vert		
review	riˈvjuː	vt.再检查 n.复习	2	vid		
revise	riˈvaiz	vt.修订，校订；修改	1	vid		
revolt	riˈvəult	vi.&n.反抗，造反	1	volv		
revolution	ˌrevəˈluː∫ən	n.革命；旋转，绕转	2	volv		
reward	riˈwɔːd	n.报答；报酬 vt.报答	2			
rhythm	ˈrið(ə)m	n.韵律，格律；节奏	2			
ridiculous	riˈdikjuləs	a.荒谬的，可笑的	2	rid		
rigid	ˈridʒid	a.刚硬的；僵硬的	1	reg		
ripe	raip	a.熟的；时机成熟的	2			
risk	risk	n.风险，危险，冒险	2			
rival	ˈraivəl	n.竞争者 a.竞争的	1			
robbery	ˈrɔbəri	n.抢劫，劫掠，盗取	2			
role	rəul	n.角色，作用，任务	2			
roller	ˈrəulə	n.滚柱，滚筒，滚轴	2			
rot	rɔt	vt.烂，腐坏 n.腐烂	1			
rotary	ˈrəutəri	a.旋转的，转动的	1	rot		
rotate	rəuˈteit	vi.旋转 vt.使旋转	1	rot		
rotation	rəuˈtei∫ən	n.旋转，转动；循环	1	rot		
rough	rʌf	a.表面不平的；粗略的	2			
rouse	rauz	vt.唤醒，唤起；惊起	1			
route	ruːt	n.路，路线，路程	2			
routine	ruːˈtiːn	n.例行公事 a.日常的	1			
royal	ˈrɔiəl	a.王的；皇家的	1	reg		
rubber	ˈrʌbə	n.橡皮(擦子)；橡胶	2			
rubbish	ˈrʌbi∫	n.垃圾，废物；废话	2			
ruin	ˈruːin	n.毁灭；废墟 vt.毁坏	2			
rumour	ˈruːmə	n.谣言，谣传，传闻	1			
rural	ˈruər(ə)l	a.农村的，田园的	1			
rust	rʌst	n.锈 vi.生锈，氧化	1			
rusty	ˈrʌsti	a.生锈的；变迟钝的	2			
sacred	ˈseikrid	a.上帝的；神圣的	1	sacr		
sacrifice	ˈsækrifais	n.&vt.牺牲；南祭	1	sacr	sacr,fac	sacr(神圣)+fac(做)
saddle	ˈsædl	n.鞍子，马鞍	1			
saint	seint	n.圣徒；基督教徒	1	sacr		
salary	ˈsæləri	n.薪金，薪水	2			
sample	ˈsæmpl	n.样品；实例，标本	2			
satellite	ˈsætəlait	n.卫星；人造卫星	1			
satisfaction	ˌsætisˈfæk∫ən	n.满意；快事；赔偿	2	fac		
satisfactory	ˌsætisˈfæktəri	a.令人满意的,良好的	1	fac		
satisfy	ˈsætisfai	vt.满足；使满意	2	fac		
sauce	sɔːs	n.调味汁，酱汁	2			
scale	skeil	n.天平，磅秤，秤	2			
scan	skæn	vt.细看；浏览；扫描	2			
scarce	skeəs	a.缺乏的；希有的	1			
scarcely	ˈskeəsli	ad.仅仅；几乎不	1			
scatter	ˈskætə	vt.使消散；撒；散播	1			
scene	siːn	n.发生地点；道具	2			
scent	sent	n.气味，香味；香水	1	sens		
schedule	ˈskedʒjul	n.时间表；计划表	2			
scheme	skiːm	n.计划，规划；诡计	1			
scholarship	ˈskɔlə∫ip	n.学业成绩；奖学金	2			
scientific	saiənˈtifik	a.科学(上)的	2	sci		
scold	skəuld	vi.责骂 vt.申斥	1			
scope	skəup	n.范围；余地，机会	2	scop		
scorn	skɔːn	n.轻蔑；嘲笑 vt.轻蔑	1			
screen	skriːn	n.屏；屏幕 vt.掩蔽	2			
seaport	ˈsiːpɔːt	n.海港，港市	1			
search	səːt∫	vt.在…中搜寻，搜查	2			
secondary	ˈsekəndəri	a.第二的；次要的	2	sequ		
secretary	ˈsekrəteri	n.秘书；书记；大臣	2	cern		
section	ˈsek∫ən	n.切片；一段；部门	2	sec		
secure	siˈkjuə	a.安心的；安全的	2	cur		
security	siˈkjuəriti	n.安全，安全感	2	cur		
seek	siːk	vt.寻找，探索；试图	2			
seize	siːz	vt.抓住，逮捕；夺取	1			
seldom	ˈseldəm	ad.很少，不常，难得	2			
select	siˈlekt	vt.&vi.选择，挑选	2	lect		
selection	siˈlek∫ən	n.选择，挑选；精选物	2	lect		
selfish	ˈselfi∫	a.自私的，利己的	2			
semiconductor	ˈsemikənˈdʌktə	n.半导体	1	duc		
senior	ˈsiːnjə	a.年少的；地位较高的	1			
sense	sens	n.感官；感觉；见识	2	sens		
sensible	ˈsensəbl	a.感觉得到的；明智的	1	sens		
sensitive	ˈsensitiv	a.敏感的；灵敏的	2	sens		
separate	ˈsepəreit	a.分离的；个别的	2	par		
sequence	ˈsiːkwəns	n.连续，继续；次序	1	sequ		
series	ˈsiəriːz	n.连续，系列；丛书	2			
servant	ˈsəːvənt	n.仆人，佣人，雇工	1	serv		
session	ˈse∫ən	n.会议，一段时间	1	sed		
setting	ˈsetiŋ	n.安装，调整；环境	2			
settle	ˈsetl	vt.安排；安放；调停	2			
settlement	ˈsetlmənt	n.解决；殖民(地)	1			
severe	siˈviə	a.严格的；严厉的	1			
shallow		a. 浅的；肤浅的	2			
shelter		n. 避难所，庇护；vt. 保护，遮蔽	1			
shield		vt. 保护，遮蔽；n. 盾，护板	2			
shift	ʃɪft	n. 移动；变化；手段；轮班；vt. 转移；改变；替换；vi. 移动；转变；转换	1			
shock	ʃɑk	n. 休克；震惊；震动；打击；禾束堆；adj. 浓密的；蓬乱的；vt. 使休克；使震惊；使震动；使受电击；把…堆成禾束堆；vi. 感到震惊；受到震动；堆成禾束堆	1			
shortage		n. 缺乏，缺少；不足	2			
shrink		vi. 收缩；退缩；畏缩	2			
shrug		v. 耸肩；n. 耸肩	2			
shuttle	ˈʃʌtl	航天飞机；穿梭；梭子；穿梭班机、公共汽车等；使穿梭般来回移动；短程穿梭般运送	1			
sign	sain	n. 符号，标记	1	sign		
signal		n. 信号，标志；vt. 发信号，示意	1	sign		
signature		n. 签名，署名；特征	2	sign		
significance		n. 意义，重要性；显著性	2	sign		
significant	səɡˈnɪfɪkənt	n. 象征；有意义的事物；adj. 重大的；有效的；有意义的；值得注意的；意味深长的	1	sign		
similar		a. 相似的；类似的	1	sembl		
similarity		n. 类似；相似点	2	sembl		
simulate		vt. 模拟；模仿；假装	2	sembl		
simultaneous		a. 同时发生的；同步的	2	sembl		
sincere	sɪnˈsɪr	adj. 真诚的；诚挚的；真实的	1			
site		n. 地点；场所；网站	1			
situation	sɪtjʊˈeɪʃ(ə)n	n. 形势，情况	1			
skeleton		n. 骨骼；骨架；梗概	2			
skeptical		a. 怀疑的，多疑的	2	scop		
sketch		n. 素描；草图；概述 vt. 素描；简述	2	graph		
skill		n. 技能，技巧；熟练	2	sci		
skim		vt. 撇去；掠过；略读，浏览	2			
skip	skɪp	n. 跳跃；跳读；vt. 跳过；遗漏；vi. 跳跃；跳绳；遗漏；跳读	2			
skyscraper		n. 摩天大楼	2	scrib		
slender		a. 细长的，苗条的；微薄的	2			
slice	slaɪs	薄片；部分；菜刀，火铲；切下；把…分成部分；将…切成薄片	2	cid		
slight		a. 轻微的；纤细的 n./vt. 轻视	2			
slippery		a. 滑的；狡猾的；难以捉摸的	2			
social		n. 联谊会；联欢会；adj. 社会的，社交的；群居的	2	soci		
society	səˈsaɪətɪ	n. 社会	2	soci		
solar		太阳的；日光的；利用太阳光的；与太阳相关的；日光浴室	2	sol		
sole		a. 唯一的，单独的 n. 脚底；鞋底	2	sol		
solemn		a. 庄严的，隆重的；严肃的	2			
solid		a. 固体的；结实的；可靠的 n. 固体	2	sol		
soluble		a. 可溶的；可解决的	2	solv		
solution	səˈluʃən	n. 解决方案；溶液；溶解；解答	1	solv		
solve	sɒlv	vt. 解决；解答；溶解；vi. 作解答	1	solv		
soothe		vt. 安慰，抚慰；缓和，减轻	2			
sophisticated		adj. 复杂精密的；老练的，世故的	2			
sorrow		n. 悲伤，悲痛；伤心事	2			
source	sɔːs	n. 来源；水源；原始资料	1			
span		n. 跨度，间距；一段时间；vt. 横跨，跨越	2			
spare		adj. 多余的，备用的；vt. 抽出，让给；饶恕	2			
special	ˈspeʃ(ə)l	a. 特别的，专门的	1	spec		
species	ˈspiʃiz	n. 物种；种类；adj. 物种上的	1	spec		
specific	spəˈsɪfɪk	n. 特性；细节；特效药；adj. 特殊的，特定的；明确的；详细的； 具有特效的	1	spec		
specify			2	spec		
specimen			2	spec		
spectacular		adj. 壮观的，惊人的；n. 壮观的场面	2	spec		
spectrum			2	spec		
speculate			2	spec		
spend	spend	n. 预算；vt. 度过，消磨（时光）；花费；浪费；用尽；vi. 花钱；用尽，耗尽	1			
sphere			2			
spirit	ˈspɪrɪt	n. 精神	1	spir		
sponsor			2			
spontaneous			2			
spot	spɔt	n. 斑点，污点；场所，地点 v. 沾上污渍，弄脏	1			
spouse			2			
spray			2			
spur		n. 刺激，激励；马刺；vt. 激励，鞭策	2			
square	skweə(r)	n. 广场 a. 平方的；方形的，宽而结实的（体格，肩膀）	1			
stability		n. 稳定，稳固	2	sist		
stable	ˈstebl	马厩；牛棚；稳定的；牢固的；坚定的；被关在马厩	1	sist		
staff	stæf	职员；参谋；棒；支撑；职员的；行政工作的；供给人员；给…配备职员	1			
stage			1	sist		
stake			2			
stalk		n. 茎，秆；跟踪，悄悄接近	2			
stance		n. 立场；姿态；站姿	2			
standard	ˈstændəd	n. 标准；水准；旗；度量衡标准；adj. 标准的；合规格的；公认为优秀的	1			
standardize		vt. 使标准化，使合乎标准	2	norm		
standpoint		n. 立场；观点	2			
staple		adj. 主要的，基本的；n. 主要产品；订书钉	2			
stark		adj. 荒凉的；鲜明的；完全的	2			
startle		vt. 使惊吓，使吃惊	2			
starvation		n. 饥饿；饿死	2			
starve		v. 饿死；使饥饿；渴望	1			
statement		n. 陈述；声明；报表	2	sist		
static		adj. 静态的，静力的；n. 静电	2	sist		
stationary		adj. 静止的，固定的；不变的	2	sist		
stationery		n. 文具；信纸	2			
statistic		n. 统计数字，统计资料	2	sist		
status		n. 地位；身份；状态	1	sist		
steady		adj. 稳定的；平稳的；v. 使稳定	1			
steep	stiːp	a. 险峻的；陡峭的	1			
stem		n. 茎，干；vi. 起源于	2			
stereotype		n. 陈规，刻板印象；vt. 使模式化	1	graph		
stern		adj. 严厉的，严格的；严峻的	2			
sticky		adj. 粘的；棘手的	2			
stiff		adj. 硬的；僵直的；拘谨的	1			
stimulate		vt. 刺激；激励，鼓舞	1			
stimulus		n. 刺激物；激励因素	1			
sting		v. 刺，蜇；刺痛；n. 刺，刺痛	2			
stock		n. 存货；股票；储备；vt. 储备	1			
storage		n. 贮藏，保管；存储	1			
straightforward		adj. 直接的，坦率的；易懂的	2			
strain		n. 紧张；压力；拉伤；vt. 拉紧；扭伤	1	string		
strategic		adj. 战略的；关键的	1			
strategy	ˈstrætədʒi	n. 战略，策略	1			
strength	strɛŋkθ	n. 力量；力气；兵力；长处	1			
stress	strɛs	n. 压力；强调；紧张；重要性；重读；vt. 强调；使紧张；加压力于；用重音读	1	string		
stretch		v. 伸展，伸长；n. 一片，一段	1	string		
strict	strɪkt	a. 严格的，严密的	1	string		
strike	straɪk	v.（钟）鸣;敲（响）,罢工,擦（打）火, 侵袭	1			
striking		adj. 显著的，引人注目的；惊人的	2			
string		n. 细绳；一串；vt. 用线串	2	string		
strip		vt. 剥去，剥夺；n. 条，带	2			
strive		vi. 努力，奋斗；力求	2			
stroke		n. 中风；击打；笔画；vt. 抚摸	1			
structural		adj. 结构的，构造的	2	stru		
structure		n. 结构；建筑物；vt. 构造	1	stru		
stumble		vi. 绊倒；蹒跚；偶然发现	2			
stun		vt. 使震惊；使昏迷	2			
sturdy		a. 结实的；强健的；坚定的	2			
subject	ˈsʌbdʒɪkt	n. 题目；主题；学科；主语；主体	1	ject		
subjective		a. 主观的；个人的	2	ject		
submarine		n. 潜艇；adj. 海底的，水下的	2	mar		
submerge		vt. 淹没；使浸没	2	merg		
submit		vt. 提交，呈递；vi. 屈服，服从	1	mit		
subordinate		a. 次要的；从属的 n. 下属	2	ord		
subscribe		vi. 订阅；同意；捐助	2	scrib		
subscription		n. 订阅，订阅费；捐款	2	scrib		
subsequent		a. 随后的，后来的	2	sequ		
subsidy		n. 补贴，津贴；补助金	2			
substance		n. 物质；实质；主旨	1	sist		
substantial		a. 大量的；实质的；坚固的	2	sist		
substitute	ˈsʌbstɪtut	代用品；代替者；替代	1	sist		
subtle		a. 微妙的；细微的；敏锐的	2			
subtract		vt. 减去，减	2	tract		
suburb		n. 郊区，市郊	2	urb		
succeed		vi. 成功	2	ced		
succession		n. 连续，接续；一系列；（王位等的）继承	2	ced		
successive		a. 连续的，接连的	2	ced		
sue		vt. 控告，起诉；vi. 提出诉讼	2			
sufficient		a. 足够的，充分的	1	fac		
suicide		n. 自杀；自杀者	2	cid		
summary		n. 摘要，总结	2			
summit		n. 顶点，峰顶；（首脑）会议	2			
summon		vt. 召唤；召集；鼓起（勇气）	2	mon		
superb		adj. 极好的，卓越的	2			
superficial		a. 肤浅的；表面的	2			
superior	səˈpɪriər	上级的；优秀的，出众的；高傲的；上级，长官；优胜者，高手；长者	1			
superstition		n. 迷信，迷信行为	2	sist		
supervise		vt. 监督，管理；指导	2	vid		
supplement		n. 补充物；增刊 vt. 补充	2	ple		
suppress		vt. 镇压；抑制；隐瞒	2			
supreme		a. 最高的；至上的；极度的	2			
surge		vi. 汹涌，涌动；激增；n. 汹涌；激增	2			
surgeon		n. 外科医生	2			
surgery		n. 外科手术；手术室	2			
surpass		vt. 超过，胜过，优于	2			
surplus		n. 剩余，盈余；adj. 过剩的，剩余的	2	ple		
surrender		vi. 投降；屈服 vt. 交出，放弃	2	don		
surroundings		n. 环境，周围的事物	2	und		
survey		n. 调查；测量；审视；纵览；vt. 调查；勘测；俯瞰；vi. 测量土地	2	vid		
survival		n. 生存，幸存	2	viv		
survive	sərˈvaɪv	vi. 幸存；活下来；vt. 幸存；生还；幸免于；比...活得长	1	viv		
suspect	sʌspɛkt; (for v.) səˈspɛkt	嫌疑犯；可疑的；不可信的；怀疑；猜想	1	spec		
suspend		vt. 悬挂；暂停；使暂时停职	2	pend		
suspense		n. 悬念，悬疑；焦虑，担心	2	pend		
suspicion		n. 怀疑，猜疑	2	spec		
suspicious		a. 可疑的；多疑的，怀疑的	2	spec		
sustain		vt. 维持；支撑；承受	2	tain		
sustainable		a. 可持续的；能维持的	2	tain		
sway		v. 摇摆，摇动；n. 摇摆；支配，影响	2			
sweep	swiːp	v. 扫除，扫	2			
swift		adj. 迅速的，快的；敏捷的	2			
switch	swɪʧ	n. 开关；转换；鞭子；vi. 转换；抽打；换防；vt. 转换；用鞭子等抽打	2			
symbol	ˈsɪmbəl	n. 象征；符号；标志	1			
symbolic		adj. 象征的，象征性的；有象征意义的	2			
symmetry		n. 对称（性）；匀称	1	meter		
sympathetic		a. 同情的；赞同的	1	pass		
sympathy	ˈsɪmpəθi	n. 同情；慰问；赞同	1	pass		
symphony		n. 交响乐，交响曲	2	phon		
symptom	ˈsɪmptəm	n. 症状；征兆	2			
synonym		n. 同义词	2	nom		
synthesis		n. 综合，合成；综合体	2			
system	ˈsɪstəm	n. 制度，体制；系统；方法	1	sist		
systematic		adj. 系统的，有条理的；有系统的	2	sist		
tablet		n. 药片；碑；平板电脑	2			
tackle		vt. 对付，处理；抓住	1			
tactic		n. 策略，战术	2	tach		
talent	ˈtælənt	n.天才;才能;人才	1			
target		n. 目标，靶子；vt. 以…为目标	1			
tax	tæks	n. 税金；重负；vt. 向…课税；使负重担	2			
technical	ˈteknikəl	a.技术的，工艺的	2	techn		
technique		n. 技术，技巧，手法	1	techn		
technology	tekˈnɔlədʒɪ	n. 技术	1	techn		
tedious	ˈtiːdiəs	a.冗长乏味的，沉闷的	2			
temper		n. 脾气；心情；vt. 使缓和	2	temp		
temperature	ˈtemprɪtʃə(r)	n. 温度	1	temp		
temporary	ˈtempərəri	a.暂时的，临时的	1	temp		
tempt	tempt	vt.引诱，诱惑;吸引	2			
temptation		n.诱惑，引诱	2			
tend	tend	vt.照管，照料，护理；vi.走向，趋向;倾向	2	tend		
tendency	ˈtendənsi	n.趋向，趋势，倾向	1	tend		
tense	tens	n.时态，时；a.拉紧的，绷紧的	2	tend		
tension	ˈtenʃən	n.紧张,不安,拉紧,张力	1	tend		
term	tɜːm	n. 学期;术语;条款;项	1	termin		
terminal		a.末端的n.末端	2	termin		
terminate		vt. 终止，结束	2	termin		
terrific		a. 极好的；极大的	2			
territory	ˈteritəri	n.领土，版图;领域	1	terr		
terror	ˈterə	n.恐怖，惊骇	2			
testify		v. 作证；证明；表明	2	test		
testimony		n. 证词；证据；证明	2	test		
textile	ˈtekstail	n.纺织品a.纺织的	2	text		
texture		n. 质地；纹理；口感	2	text		
theft	θɛft	盗窃；偷；赃物	2			
theme		n. 主题；题目；基调	1			
theoretical		a.理论(上)的	2			
theory	ˈθɪri	n. 理论；原理；学说；推测	1			
therapy		n. 疗法；治疗	2			
thereby		ad.因此，从而，由此	2			
thermal		a. 热的；热量的；保暖的	2	therm		
thermometer	θəˌmɔmitə	n.温度计，寒暑表	2	therm		
thesis		n. 论文；论点；论题	2			
thorough	ˈθʌrə	a.彻底的;详尽的	1			
thoughtful	ˈθɔːtful	a.沉思的;体贴的	2			
threat	θret	n.威胁，恐吓，凶兆	1			
thrill		n. 兴奋，激动；vt. 使激动	2			
thrive	θraiv	vi.兴旺，繁荣，旺盛	2			
thrust	θrʌst	vt.插，刺n.插;讽刺	2			
thus	ðʌs	ad.如此，这样;因而	2			
tide	taid	n.潮，潮汐;潮流	2			
timid		a. 胆小的；羞怯的	2			
tissue	ˈtisjuː	n.薄绢;薄纸;组织	1			
token		n. 象征，标志；代币，礼券	2			
tolerance	ˈtɔlərəns	n.忍受，容忍;公差	1			
tolerate	ˈtɔləreit	vt.忍受，容忍，宽恕	1			
toll		n. 通行费；伤亡人数；v. 鸣钟	2			
tone	təun	n.音;腔调;声调	1	ton		
torture	ˈtɔːtʃə	n.拷问;折磨vt.拷打	2	tort		
toss		vt. 扔，抛；摇摆	2			
total	ˈtəutl	a.总的vi.合计，总共	1			
tough	tʌf	a.坚韧的;健壮的	1			
tournament		n. 锦标赛，联赛	2			
tow		vt. 拖，拉；n. 拖，牵引	2			
toxic		a. 有毒的；中毒的	2			
trace	treis	n.痕迹;丝毫vt.跟踪	1	tract		
track	træk	n.行踪;路径;轨道	1			
tract		n. 地带；（宣传用）小册子	2	tract		
trade	treid	n.贸易;职业vi.交易	1			
trademark		n. 商标；标志	2			
tradition	trəˈdɪʃ (ə)n	n. 传统，风俗	1			
tragedy	ˈtrædʒidi	n.悲剧;惨事，惨案	1			
trail		n.痕迹;小径vt.跟踪	1			
trait		n. 特征；特点	2	tract		
transaction		n. 交易；业务	2	act		
transcript		n. 成绩单；抄本	2	scrib		
transfer	trænsˌfəː	vt.转移;调动vi.转移	1	fer		
transform	trænsˌfɔːm	vt.改变;改造;变换	1	form		
transit		n. 运输，运送；通行	2	it		
transition		n. 过渡；转变	2	it		
translate	trænsˈleɪt	vt. 翻译	1	lat		
transmit	trænzˌmit	vt.传送，传达;发射	1	mit		
transparent	trænsˌpeərənt	a.透明的;易识破的	1	par		
transplant		vt. 移植；n. 移植的器官	2			
transport	trænsˌpɔːt	vt.运输n.运输	1	port		
trap	træp	n.陷阱;诡计vt.诱骗	1			
treat	triːt	vt.对待;处理n.款待	1			
treatment		n.待遇;治疗，疗法	1			
treaty		n.条约;协议，协定	1			
tremble		vi.发抖，哆嗦;摇动	2			
tremendous	triˌmendəs	a.极大的，非常的	1			
trend	trend	vi.伸向;倾向n.倾向	1			
trial		n.试，试验;审判	1			
triangle	ˈtraiængl	n.三角(形)	2	ang		
tribute		n. 致敬；贡品	2	trib		
trick	trik	n.诡计;窍门vt.哄骗	1			
trigger		vt. 引发，触发；n. 扳机	2			
trim		a.整齐的vt.使整齐	2			
triple		a. 三倍的；三重的	2	ple		
triumph		n.凯旋;胜利vi.成功	1			
trivial		a. 琐碎的，不重要的	2			
troop		n.军队;一群，大量	2			
tropical		a.热带的	1			
trunk	trʌŋk	n.树干;大衣箱，皮箱	1			
trust	trʌst	n.信任vt.相信;委托	1			
truth	truːθ	n.真理;真实;真实性	1			
tug		vt. 用力拖（拉）；n. 猛拉	2			
tuition	tjuˈɪʃən	n. 学费；讲授	1	doc		
tumble		vi. 跌倒，滚落；暴跌	2			
tune	tjuːn	n.调子;和谐vt.调谐	1	ton		
tunnel	ˈtʌnl	n.隧道，坑道，地道	1			
tutor		n. 导师，家庭教师；v. 辅导	2			
twist	twist	vt.捻;拧vi.&n.扭弯	2			
type	taip	n.型，类型vi.打字	1			
typical	ˈtipikəl	a.典型的，代表性的	1			
ultimate	ˈʌltimit	a.最后的，最终的	1			
umbrella	ʌmˈbrelə	n. 雨伞	2	umbr		
unconscious	ʌnˌkɔʃəs	a.不省人事的	2	sci		
undergo	ʌndəˌgəu	vt.经历，经受，忍受	1			
undergraduate		n.大学在校生	2	grad		
underline		vt.划线于…之下	2			
undertake	ʌndəˌteik	vt.从事;承担;保证	1			
unemployment	ˌʌnɪmˈplɔɪmənt	n. 失业；失业率；失业人数	1			
unexpected	ˈʌniksˌpektid	a.想不到的，意外的	1	spect		
unfold		vt. 展开，打开；展现，表明	2	plic		
uniform	ˈjuːnifɔːm	a.一样的n.制服	2	form		
union		n.联合;团结;协会	1			
unique	juːˌniːk	a.唯一的，独一无二的	1			
unit	ˈjuːnit	n.单位;单元;部件	1			
unite	juˌnait	vi.联合vt.使联合	1	it		
universal	juːniˌvəːsəl	a.宇宙的;普遍的	1	vert		
universe	ˈjuːnɪvɜːs	n. 宇宙	1	vert		
up-to-date	ˈʌptəˌdeit	a.直到最近的，现代的	2			
update	ˌʌpˈdeɪt	n. 更新；现代化；vt. 更新；校正，修正；使现代化	1			
upgrade		vt. 提升，升级；n. 升级	2			
upright		a.垂直的;正直的	2			
urban	ˈəːbən	a.都市的,住在都市的	1	urb		
urge	əːdʒ	vt.推进;催促n.冲动	2			
urgent		a.紧急的;强求的	2	urg		
usage	ˈjuːzidʒ	n.使用，对待;惯用法	2	us		
use	juːz	vt. 利用,使用,应用 n. [juːs] 用法,应用,运用	1	us		
usual	ˈjuːʒʊəl	a. 通常的，平常的	1	us		
utility	juːˌtiliti	n.效用，有用，实用	1	us		
utilize	ˈjuːtilaiz	vt.利用	1	us		
utmost		a.最远的n.极限	2			
utter		a.完全的，彻底的vt.发出，说，讲	2			
vacancy		n. 空缺；空职；空白	2	vac		
vacant	ˈveikənt	a.空的;未被占用的	1	vac		
vacuum	ˈvækjuəm	n.真空;真空吸尘器	1	vac		
vague	veig	a.模糊的，含糊的	1			
vain	vein	a.徒劳的;自负的	1	vac		
valid	ˈvælid	a.有效的;正当的	1	val		
validate		vt. 证实；使生效	2	val		
vanish	ˈvæniʃ	vi.突然不见，消失	1	vac		
vapour		n.汽，蒸气	2			
variable	ˈveəriəbl	a.易变的n.变量	1			
variant		n. 变体，变种；a. 不同的	2			
variety	vəˌraiəti	n.多样化;种类;变种	1			
vary	ˈveəri	vt.改变;使多样化	1			
vast		a.巨大的;大量的	1			
vehicle	ˈviːikl	n.车辆，机动车	1			
velocity		n.速度，速率	2			
venture		n.&vi.冒险vt.敢于	1	ven		
verbal		a. 言语的，口头的；动词的	2	verb		
verify	ˈverifai	vt.证实，查证;证明	1	ver		
verse		n. 诗，诗节；韵文	2	vert		
version	ˈvəːʃən	n.译文;说法;改写本	1	vert		
vertical	ˈvəːtikəl	a.垂直的，竖式的	1	vert		
vessel		n.容器;船，飞船;管	1			
via	ˈvaiə	prep.经过;通过	2	vi		
vibrate		vt.使颤动vi.颤动	2			
vice		n.罪恶;恶习;缺点；n.(老)虎钳	2			
victim	ˈvɪktɪm	n. 受害者，牺牲品	1			
vigorous		a.朝气蓬勃的	2			
violate		vt. 违反；侵犯；扰乱	2			
violence		n. 暴力；侵犯；激烈；歪曲	2			
violent	ˈvaiələnt	a.猛烈的;狂暴的	2			
virtual		a. 虚拟的；实际上的	1			
virtue	ˈvəːtjuː	n.善;美德;优点	1			
virus		n. 病毒	2			
visible	ˈvizəbl	a.可见的，看得见的	1	vid		
vision	ˈviʒən	n.视;想象力;梦幻	1	vid		
visual	ˈvizjuəl	a.看的;看得见的	1	vid		
vital	ˈvaitl	a.生命的;有生命力的	1	viv		
vivid	ˈvivid	a.鲜艳的;生动的	1	viv		
vocabulary		n. 词汇；词汇量	2	voc		
vocal		a. 嗓音的，发声的；直言的	2	voc		
volcano		n.火山	2			
volume	ˈvɔljum	n.卷，册;容积;音量	1	volv		
voluntary	ˈvɔləntəri	a.自愿的，志愿的	1	vol		
volunteer		n.志愿者 v. 自愿做某事	1	vol		
voucher		n. 代金券；凭单；凭证	2	voc		
vow		n. 誓言；v. 发誓，立誓	2			
voyage	vɔidʒ	n.&vi.航海，航空	2	vi		
vulnerable		a. 易受伤害的；脆弱的	1			
wage	weidʒ	vt.开展(运动)	1			
wander	ˈwɔndə	vi.漫游;迷路;离题	2			
warehouse		仓库；货栈；大商店	2			
wealth	wɛlθ	n. 财富；大量；富有	1			
weapon		n. 武器，兵器	2			
weave	ˈwiːv	vt.织，编vi.纺织	2			
weird		a. 奇怪的；离奇的；不可思议的	2			
welfare	ˈwelfeə	n.幸福，福利	1			
whereas		conj. 然而，但是；鉴于	2			
widespread		a. 分布广的；普遍的；广泛的	1			
width	widθ	n.宽阔，广阔;宽度	2	form		
wild	waɪld	n. 荒野；adj. 野生的；野蛮的；狂热的；荒凉的；adv. 疯狂地；胡乱地	2			
willing	ˈwiliŋ	a.愿意的，心甘情愿的	2	vol		
wisdom		n. 智慧；明智	2	sci		
withdraw	wiðˌdrɔː	vt.收回;撤回vi.撤退	2	tract		
wither		vi. 枯萎，凋谢；衰弱	2			
withhold		vt. 拒绝给予；抑制	2			
withstand	wiðˌstænd	vt.抵挡，反抗	2	sist		
wonder	ˈwʌndə(r)	v. 对…疑惑，感到惊奇,想知道 n. 惊讶,惊叹;奇迹	2			
worship	ˈwəːʃip	n.礼拜;崇拜vt.崇拜	2			
worth	wəːθ	a.值…的n.价值	2	val		
worthy	ˈwəːði	a.有价值的;值得的	2	val		
wreck	rek	n.失事;残骸vt.破坏	2			
wrinkle		n. 皱纹；vi. 起皱纹	2			
wrist	rist	n.腕，腕关节	2			
write	raɪt	(wrote, written) v. 写，书写；写作，著述	2	scrib		
writing		n. 写作；著作	2	scrib		
yawn	jɔːn	vi.打呵欠n.呵欠	2			
yearly	ˈjəːli	a.每年的ad.一年一度	2	ann		
yearn		vi. 渴望；思念	2			
yield	jiːld	vt.&vi.出产n.产量	2			
zone	zəun	n.地区，区域，范围	2			
zoom		vi. （镜头）推近；迅速上升；n. 嗡嗡声	2			
